,2,3,4,5,6,7,8,9,10,11,12,13,14,15,16,17,18,19,20,21,22,23,24,25,26,27,28,29,30,31,32,33,34,35,36,37,38,39,40,41,42,43,44,45,46,47,48,49,50,51,52,53,54,55,56,57,58,59,60,61,62,63,64,65,66,67,68,69,70,71,72,73,74,75,76,77,78,79,80,81,82,83,84,85,86,87,88,89,90,91,92,93,94,95,96,97,98,99,100
0,1,1,1,1,1,1,1,1,3,1,1,1,1,1,1,1,1,1,1,2,2,4,3,2,2,2,2,2,2,2,2,2,2,2,2,2,2,2,2,3,3,3,2,3,3,3,3,3,3,3,3,3,3,3,3,3,3,3,3,4,4,4,4,2,4,4,4,4,4,4,4,4,4,2,4,4,4,4,4,5,5,3,5,5,5,5,5,5,5,5,5,5,5,5,5,5,5,5,5
1,1,1,1,1,1,1,1,1,1,1,1,1,1,1,1,1,1,3,1,2,2,2,2,2,2,2,2,3,2,2,2,2,2,2,2,2,2,2,2,3,3,3,3,3,3,3,3,5,3,1,3,3,3,3,3,3,3,3,4,4,4,4,4,4,4,4,4,3,4,4,4,4,4,4,4,4,4,4,4,5,5,5,5,5,5,5,5,5,5,5,5,5,5,5,5,5,5,5,5
2,3,1,1,1,1,1,1,1,3,1,1,1,3,1,1,1,1,1,1,2,3,2,2,2,2,2,2,4,2,2,2,2,2,2,2,2,2,2,2,3,3,3,3,3,3,3,3,3,3,3,4,3,3,3,3,3,3,3,3,4,5,4,4,4,4,4,4,4,3,4,4,4,4,4,4,4,4,4,4,5,5,5,5,5,5,5,5,5,4,5,5,5,5,5,5,5,5,4,5
3,1,2,1,1,1,1,1,1,2,1,1,1,1,1,1,1,1,1,1,2,2,2,2,2,2,2,2,2,1,2,2,2,2,2,2,2,2,2,2,3,3,3,3,3,3,3,1,3,3,3,3,3,3,3,3,3,3,3,4,4,4,2,4,4,4,4,4,4,4,4,4,4,4,4,4,4,5,4,4,5,5,5,5,5,5,5,3,5,5,5,5,5,5,5,7,5,5,5,5
4,1,3,1,1,1,1,1,1,1,2,2,1,1,1,1,1,1,3,1,2,2,2,2,2,2,2,2,2,2,2,2,2,2,2,2,2,2,2,2,3,3,3,3,2,3,3,3,3,3,4,3,3,3,3,3,3,3,3,3,4,4,4,4,4,4,4,4,4,4,2,4,6,4,4,4,4,4,4,4,5,5,5,5,5,5,5,5,5,5,5,5,5,5,5,5,5,5,5,5
5,1,1,1,2,1,1,1,1,1,1,1,1,1,1,1,1,1,1,1,2,2,2,2,2,2,2,2,2,2,2,2,4,2,2,2,2,2,2,2,3,3,3,3,3,3,3,3,3,3,3,3,3,3,3,3,3,3,3,3,4,4,6,4,4,4,4,4,4,4,4,4,4,2,4,4,4,4,4,4,5,5,5,5,5,5,5,5,5,5,5,5,5,5,5,5,6,5,5,5
6,1,1,1,1,1,1,1,1,1,1,1,1,1,1,1,1,1,2,1,3,2,1,2,2,2,2,2,2,2,2,2,2,3,2,2,4,2,2,2,3,3,3,3,3,3,3,1,3,3,3,3,3,3,3,3,3,3,1,3,4,4,4,6,4,4,4,4,4,4,4,3,4,4,4,4,4,4,4,4,5,2,5,5,5,5,5,5,5,5,5,5,5,5,5,5,4,5,5,5
7,1,1,1,1,1,1,1,1,1,1,1,1,1,1,1,1,3,1,1,2,2,2,2,2,2,2,2,2,2,2,3,2,2,2,2,2,2,2,2,3,3,3,3,3,3,3,3,3,3,3,3,3,3,3,3,3,3,3,3,4,4,4,4,4,4,4,4,4,4,4,4,4,4,4,4,4,4,4,4,5,5,5,5,5,5,5,5,5,5,5,5,5,5,5,5,5,6,5,5
8,1,1,1,1,1,2,1,1,3,1,1,1,1,3,1,1,1,1,1,2,2,2,2,2,2,2,2,3,2,2,4,2,1,2,2,2,1,2,2,3,3,3,3,3,3,3,3,3,3,3,3,3,3,3,3,3,3,3,3,4,4,4,4,4,2,4,4,4,4,4,4,4,4,4,4,4,4,4,4,5,5,5,5,5,5,5,5,5,5,5,4,5,5,5,5,5,5,5,5
9,1,1,1,1,1,1,1,1,1,1,1,1,1,1,1,1,1,1,1,2,2,2,2,2,2,2,2,2,2,2,2,2,2,4,2,2,2,2,2,3,3,3,3,2,3,3,3,3,3,3,3,3,3,3,3,3,3,3,3,4,4,4,4,4,4,4,4,4,4,4,4,4,4,4,4,4,4,4,4,5,5,5,5,5,5,5,5,5,5,5,5,6,5,5,5,5,5,5,5
10,1,1,1,1,1,1,1,1,1,2,1,1,1,1,1,3,1,1,1,2,2,2,2,2,2,2,2,2,2,2,2,2,2,2,2,2,2,3,2,3,3,3,3,3,3,3,3,3,1,3,3,3,3,3,3,2,3,3,3,4,4,4,4,3,4,4,4,4,4,4,4,4,4,4,4,4,4,5,4,5,5,5,5,5,5,6,5,5,5,5,5,5,5,5,5,5,5,5,5
11,1,1,1,1,1,1,1,1,1,1,1,1,1,2,1,1,1,1,1,2,2,2,2,2,2,2,2,2,2,2,2,2,2,2,2,2,2,2,4,2,3,3,3,3,3,2,3,3,3,4,3,2,3,3,3,3,3,3,3,4,4,4,4,4,4,4,4,4,4,4,4,4,5,4,4,4,4,4,4,5,5,5,5,4,5,5,5,5,5,4,7,5,5,5,5,5,5,5,5
12,1,1,2,1,1,1,1,1,1,1,1,1,1,1,1,2,1,1,1,2,2,2,3,2,2,2,2,4,2,2,2,2,2,2,2,2,2,2,2,3,3,2,3,3,3,3,3,3,3,3,4,3,3,3,3,3,3,3,3,1,4,3,4,4,4,4,4,4,4,4,4,4,4,4,4,4,4,4,4,5,5,7,5,5,5,5,5,5,5,5,5,5,5,5,5,5,5,5,5
13,1,1,1,1,1,1,1,1,1,1,1,1,1,1,1,1,1,1,1,2,2,2,2,2,2,2,2,4,2,2,2,2,2,2,2,1,2,2,2,3,3,3,3,5,3,3,3,3,3,2,3,3,4,3,3,1,3,3,3,4,4,4,4,4,3,4,4,4,4,4,4,4,3,4,4,4,4,4,4,5,5,5,5,5,5,4,5,5,5,5,5,5,5,7,5,5,5,5,5
14,1,1,1,1,1,2,1,1,3,1,1,1,1,1,1,1,1,1,1,2,2,2,2,2,2,2,2,2,2,2,2,2,2,4,2,2,2,2,2,2,3,3,3,3,3,3,3,3,3,3,3,1,3,3,3,3,3,3,3,4,4,4,4,4,4,4,4,4,4,4,4,4,4,4,4,4,4,4,4,5,5,5,5,5,5,5,5,5,5,7,5,5,5,5,5,5,7,5,5
15,1,1,1,1,1,1,1,1,1,1,1,1,1,1,1,1,1,2,1,1,2,2,2,2,2,2,2,1,2,2,2,2,2,2,2,2,2,2,2,2,3,3,3,3,3,3,3,3,3,3,3,3,3,3,3,3,3,3,2,4,4,4,4,4,4,4,4,4,5,4,4,4,4,4,2,4,4,4,4,5,5,5,7,6,5,3,5,5,5,5,5,5,5,5,5,4,5,5,3
16,1,1,1,1,1,1,1,1,1,1,1,1,1,1,1,1,1,1,1,2,2,2,2,2,2,2,3,2,2,2,2,2,2,2,2,2,2,2,2,3,3,3,3,3,3,3,3,3,3,3,3,3,3,3,1,3,3,3,3,4,4,3,4,4,4,4,4,4,4,4,4,4,4,4,4,4,4,4,4,5,5,5,5,5,5,7,5,5,5,5,5,3,5,5,5,5,5,5,5
17,1,1,1,1,1,1,1,1,1,1,1,1,1,2,3,1,1,1,1,2,2,2,2,2,2,2,2,2,2,3,2,2,2,2,2,2,2,2,2,3,3,3,3,3,3,3,3,3,3,3,3,3,3,3,3,3,3,3,3,4,5,4,2,4,4,4,4,4,4,4,4,4,6,2,4,4,4,4,4,4,5,5,5,5,5,5,5,5,5,5,5,5,5,7,5,5,5,3,5
18,1,1,1,1,1,1,3,1,1,1,1,1,1,1,1,1,1,1,1,2,2,2,2,2,2,2,1,2,2,2,2,2,2,2,2,2,2,2,2,3,3,3,3,3,3,3,3,3,3,3,3,4,3,3,3,3,2,5,3,4,4,4,4,4,4,4,4,2,4,4,4,4,4,4,4,4,4,4,4,5,5,5,5,5,6,5,5,5,5,5,5,7,5,5,5,5,5,5,5
19,1,1,1,1,1,1,1,1,1,1,3,1,1,1,1,1,1,1,1,2,2,2,2,2,2,2,2,2,2,2,2,2,2,2,2,2,2,2,2,3,3,3,3,3,3,4,3,3,3,3,3,3,2,3,3,3,3,3,3,4,4,4,4,4,4,4,4,4,4,4,5,4,4,4,4,4,4,4,4,5,5,5,5,5,5,5,3,7,5,5,5,5,5,5,5,5,5,5,5
20,1,1,1,1,1,1,1,1,1,1,1,1,1,1,1,1,1,1,1,2,2,2,3,2,2,2,2,2,2,2,2,2,2,4,2,2,2,2,2,3,3,2,3,3,3,3,3,3,3,3,3,3,3,3,3,3,3,3,3,4,4,4,4,4,4,4,4,4,4,6,4,4,4,4,5,4,4,4,4,5,5,5,5,4,5,5,5,5,5,5,5,5,5,5,5,5,4,3,5
21,1,1,1,1,1,2,1,1,1,1,1,1,1,1,1,1,1,1,1,2,2,1,2,2,2,2,2,2,3,2,2,2,2,2,2,2,2,2,2,3,3,3,3,3,3,3,3,3,3,2,2,3,3,3,3,3,3,3,3,4,4,4,4,4,4,4,4,4,4,4,5,4,2,4,4,4,4,4,2,5,5,5,3,5,5,5,5,5,7,5,5,5,5,5,5,5,5,5,5
22,1,1,1,1,1,1,1,1,1,1,1,1,1,1,1,1,1,1,1,1,2,2,2,2,2,2,2,2,2,2,2,2,1,2,2,2,2,2,2,3,3,3,3,3,3,3,3,3,3,3,3,3,3,3,3,3,3,3,3,4,4,4,4,4,4,4,4,4,4,4,4,2,4,6,4,4,4,5,4,5,5,5,5,5,5,5,5,5,5,5,3,5,5,5,5,5,5,5,5
23,1,1,1,1,1,1,1,1,2,1,1,1,1,1,1,1,1,1,1,2,2,2,2,2,2,2,2,2,2,2,2,2,2,4,2,2,2,2,2,3,3,3,1,3,3,3,3,3,3,3,1,3,3,3,3,3,3,3,1,4,4,4,4,4,2,4,4,4,4,4,4,4,4,4,4,4,4,4,4,5,5,5,5,5,5,5,5,5,5,5,5,5,5,5,5,5,5,5,5
24,1,1,1,1,3,1,1,1,1,1,1,1,1,1,3,1,1,1,1,2,2,2,2,2,2,2,2,4,2,2,2,2,2,2,3,2,2,2,2,3,4,3,3,3,3,2,3,3,3,3,3,3,3,3,3,1,3,3,3,4,4,4,4,4,4,4,4,4,4,4,4,4,4,4,4,4,4,4,4,5,5,5,5,5,5,5,5,5,5,5,5,5,5,5,5,5,5,5,5
25,1,1,1,1,1,1,1,1,1,1,1,1,1,1,1,1,1,1,1,2,2,2,2,1,2,2,2,2,2,2,2,2,2,2,2,2,2,2,2,3,3,3,3,3,3,3,3,3,3,3,3,3,3,3,3,3,5,3,3,4,4,4,4,4,4,4,3,4,4,4,4,4,4,4,4,5,4,4,4,5,5,5,5,5,5,5,5,5,5,5,5,5,5,5,5,6,5,5,5
26,1,1,1,1,1,1,1,1,1,2,1,1,1,1,1,1,1,1,1,2,2,2,2,2,3,2,2,2,2,2,2,2,2,2,2,1,2,2,2,3,4,3,3,2,3,3,3,3,3,3,3,3,3,3,3,3,3,3,3,2,4,4,4,4,4,4,4,4,4,3,4,4,4,4,4,4,4,4,4,5,5,5,5,5,5,5,5,5,5,5,5,5,5,5,5,5,5,5,5
27,1,1,1,1,1,1,1,1,1,1,1,1,1,2,1,1,1,1,1,2,2,2,2,2,2,2,2,2,2,2,2,2,2,2,2,2,2,2,1,3,4,3,3,3,3,3,3,3,3,3,3,3,3,3,3,3,3,3,3,4,4,4,4,4,4,4,4,4,4,4,4,4,4,4,2,2,4,5,4,5,5,5,5,5,5,5,5,5,5,5,5,7,5,5,4,5,5,3,5
28,1,1,1,1,1,1,1,1,1,1,1,1,1,1,2,1,1,1,1,2,2,2,2,2,2,1,2,2,2,2,2,2,2,2,2,2,2,2,2,3,3,3,3,3,3,3,3,3,3,3,3,3,3,3,3,3,3,3,3,4,4,4,4,4,4,4,2,4,4,4,4,4,4,4,4,4,4,4,4,5,5,5,5,4,5,5,3,5,5,5,5,5,5,5,5,5,5,5,5
29,1,1,1,1,1,1,1,1,1,1,1,3,1,1,1,1,1,1,1,2,2,2,2,2,2,1,2,2,2,2,2,2,2,2,2,2,2,2,2,3,3,3,3,3,3,4,3,3,3,3,3,3,3,3,3,3,3,3,3,4,4,4,4,4,4,4,4,4,4,4,4,4,4,4,4,4,4,4,4,5,5,5,5,5,5,7,5,6,6,5,5,5,5,5,6,5,5,5,5
30,1,1,1,1,1,1,1,1,1,1,1,1,1,1,1,1,1,1,1,2,2,2,2,2,2,2,2,2,2,2,2,2,2,2,2,2,2,2,2,3,3,3,3,3,3,3,3,3,3,3,3,3,3,3,3,3,3,3,3,4,4,4,4,4,4,4,2,4,4,4,4,4,4,4,4,4,4,4,4,5,5,5,5,5,5,5,5,5,5,5,5,5,5,5,5,5,3,5,3
31,1,1,1,1,1,1,1,1,1,1,1,1,1,1,1,1,1,1,1,2,2,2,2,2,2,2,3,2,2,2,2,2,2,2,2,2,2,2,2,3,3,3,3,3,3,3,3,3,3,3,3,3,3,3,3,3,3,3,3,1,3,4,4,4,4,4,4,4,4,4,4,4,4,4,4,4,4,4,2,5,5,5,5,5,5,5,5,5,5,5,5,5,5,5,6,5,5,5,5
32,1,1,1,1,1,1,1,2,1,1,1,3,1,1,1,1,1,1,1,2,2,2,2,2,2,2,2,2,2,2,2,2,2,2,2,1,2,2,2,3,1,3,3,3,3,3,3,3,3,3,3,3,3,3,3,3,3,3,3,4,4,4,4,4,2,4,4,5,4,4,4,4,4,4,4,4,4,4,4,5,5,5,5,5,5,5,5,5,5,5,5,5,5,5,5,5,5,5,5
33,1,1,1,1,1,1,2,1,1,2,1,1,1,1,1,1,1,1,3,2,2,2,2,2,2,2,2,2,3,2,2,2,2,2,2,2,2,4,2,3,3,3,3,3,3,3,3,3,3,3,3,3,3,3,3,3,3,3,3,4,4,4,4,4,4,2,4,6,4,4,4,4,4,4,4,4,4,4,4,5,5,5,5,5,5,5,5,5,5,5,5,5,7,5,5,5,5,5,5
34,1,1,1,1,1,1,1,1,1,3,1,1,1,1,1,1,1,1,1,2,2,2,2,2,2,2,2,2,2,2,2,2,2,2,2,2,2,2,2,3,3,3,3,3,3,3,3,3,3,3,3,3,3,4,3,3,3,3,3,2,4,4,4,4,4,4,5,4,6,4,4,4,4,4,4,5,4,4,4,5,5,5,5,4,6,3,5,5,5,5,5,5,5,5,5,5,5,5,5
35,1,1,1,1,1,3,1,1,1,2,1,1,1,1,1,1,1,1,1,2,2,1,2,2,2,2,2,2,2,2,3,2,2,1,2,2,2,2,2,3,3,3,3,3,3,3,3,2,3,3,3,3,3,4,3,3,3,3,3,4,5,4,4,4,4,4,4,4,4,4,4,4,4,4,4,4,4,4,4,5,5,5,5,5,5,5,5,5,4,5,5,5,5,6,5,5,5,5,5
36,1,1,1,1,1,1,1,1,1,1,1,1,1,1,1,2,1,1,1,2,2,2,2,2,2,2,2,2,2,2,3,2,2,2,2,2,2,2,2,3,2,3,3,3,3,3,3,3,3,2,3,4,3,3,3,3,3,3,3,4,4,4,4,3,3,4,2,4,4,4,4,4,4,4,4,4,4,4,4,5,6,5,5,5,7,5,5,5,5,5,5,5,5,5,5,5,4,5,5
37,1,1,1,3,1,1,1,1,1,1,1,1,1,1,1,1,1,1,1,2,2,2,2,2,2,2,2,2,1,2,2,3,2,2,2,2,2,2,2,3,3,3,3,3,3,3,3,3,2,3,3,3,3,3,3,3,4,3,3,4,4,4,4,4,4,4,4,4,4,4,4,4,4,4,4,4,4,4,4,5,5,5,4,5,5,5,5,5,5,5,5,5,5,5,5,5,5,6,5
38,1,1,1,1,1,1,1,1,1,2,1,1,1,1,1,1,1,1,1,2,2,2,2,3,2,2,2,2,2,2,2,2,2,2,2,2,2,2,2,3,3,2,3,3,2,3,3,3,3,3,3,3,3,3,3,3,3,3,3,4,4,4,4,4,4,4,4,4,6,4,4,4,4,4,4,4,4,4,4,5,5,5,5,5,5,5,5,5,5,3,5,5,3,5,5,5,5,5,5
39,1,1,1,1,1,1,1,1,1,1,1,1,3,1,1,1,1,1,1,2,2,2,2,2,2,2,1,2,2,1,2,1,2,2,2,2,2,3,2,4,3,3,3,3,3,3,3,3,3,3,3,3,3,3,3,3,3,3,3,4,4,4,4,4,4,4,4,4,4,4,4,4,6,4,4,6,4,4,4,5,5,5,5,5,5,5,5,5,5,5,5,5,5,5,5,5,5,5,5
40,1,1,3,1,1,1,1,1,1,1,1,1,1,3,1,1,1,1,1,2,2,2,2,2,2,2,2,2,2,2,2,2,2,2,2,2,2,2,2,3,3,3,3,3,3,3,3,3,3,3,3,5,3,3,3,3,3,5,1,4,5,4,4,4,4,4,4,4,4,4,4,4,4,4,4,4,4,4,4,5,5,5,5,5,5,6,5,5,5,5,5,5,5,5,4,5,5,5,5
41,1,1,1,1,1,1,1,1,1,1,1,1,1,1,1,2,1,1,1,1,2,2,2,2,2,2,2,2,2,2,2,2,2,2,2,2,2,2,2,3,3,2,3,3,3,3,3,3,3,3,3,3,3,3,3,3,3,3,3,3,4,4,4,4,4,4,3,6,4,4,3,2,4,4,4,2,4,4,4,5,5,5,5,5,5,5,5,5,5,5,5,5,5,5,5,6,5,5,5
42,1,1,1,1,1,1,1,1,1,1,1,1,1,1,1,1,1,1,1,2,2,1,2,2,2,2,2,2,2,2,2,2,2,2,4,2,2,2,2,3,2,5,3,1,3,3,3,3,3,3,3,3,3,3,3,3,3,3,3,4,4,4,4,4,4,4,4,4,4,4,4,4,4,4,4,4,4,4,4,5,5,5,5,5,5,5,7,5,5,5,5,5,5,5,5,5,5,5,5
43,1,1,1,1,1,1,1,1,1,1,1,1,1,3,1,1,1,1,1,2,2,2,2,2,2,2,2,2,2,2,2,2,2,2,2,3,2,2,2,3,3,3,3,3,3,3,3,3,3,3,3,3,3,3,3,3,3,3,3,4,4,4,4,4,4,4,4,4,4,4,4,4,4,4,4,4,4,4,4,5,5,5,5,5,5,5,5,5,5,5,5,5,4,5,5,5,5,5,5
44,1,1,1,1,1,1,1,1,1,1,1,1,2,1,1,2,1,1,1,2,2,2,2,2,2,2,2,2,2,2,2,2,2,2,2,2,2,2,2,3,3,3,3,5,3,3,3,3,1,3,3,3,2,3,3,3,3,3,3,4,3,4,4,4,4,4,4,4,4,4,4,4,4,4,4,4,4,4,4,5,5,4,5,5,5,5,5,5,5,5,5,5,5,5,5,5,5,5,5
45,1,1,1,1,1,1,1,1,1,1,1,1,1,3,1,1,1,1,1,2,3,2,2,2,4,2,2,2,2,2,2,2,3,2,2,2,2,2,2,3,3,5,3,4,3,3,3,3,2,3,3,3,3,3,3,3,3,3,3,4,4,6,4,6,4,4,4,4,4,2,6,6,4,6,4,4,2,4,4,5,5,5,5,5,5,5,5,5,5,5,5,5,5,5,5,5,5,5,5
46,1,1,1,2,1,1,1,1,1,1,1,1,1,1,1,1,1,1,1,2,2,2,4,2,2,2,2,2,2,2,2,2,2,2,1,2,2,2,2,3,3,5,3,3,3,3,3,3,3,3,3,3,3,3,3,3,3,3,3,4,4,4,4,4,4,4,4,4,4,4,3,4,4,4,4,4,4,4,4,5,5,3,5,7,5,5,5,5,5,5,5,5,5,6,5,5,5,5,5
47,1,1,1,1,1,1,1,1,1,1,1,1,1,1,2,1,3,1,1,2,2,2,2,2,2,2,2,2,2,2,2,2,2,2,3,2,2,2,2,3,3,3,3,3,3,3,3,3,3,3,3,3,3,3,3,3,3,3,3,4,4,4,4,4,4,4,6,4,4,4,4,4,4,6,4,5,4,2,4,5,5,5,5,5,5,7,5,5,5,7,5,5,5,5,5,5,5,5,5
48,1,1,1,1,1,1,1,2,1,3,1,3,1,1,1,1,1,1,1,2,2,2,2,2,2,1,2,2,2,2,2,2,2,2,2,2,2,1,2,3,3,3,3,3,4,3,3,3,3,3,3,3,3,3,3,3,3,3,3,4,4,5,6,4,4,4,4,4,4,4,4,2,6,4,4,4,4,6,4,5,5,5,5,5,5,5,5,5,5,5,5,5,6,5,5,5,5,6,5
49,1,1,1,1,1,1,1,1,1,1,1,1,1,1,1,1,1,1,1,2,2,2,2,2,2,2,2,2,2,1,2,2,2,2,2,2,2,2,4,3,3,5,3,3,3,3,3,3,3,3,3,3,3,3,3,3,3,3,3,4,4,4,4,4,4,4,4,4,4,4,4,4,4,4,4,4,4,4,4,5,5,5,5,4,5,5,5,5,5,5,5,5,4,5,5,5,5,5,5
50,1,1,1,1,1,1,1,1,3,1,3,1,1,1,1,1,1,1,1,2,2,2,2,2,2,2,2,2,2,2,2,2,2,2,2,2,2,2,3,3,1,3,3,3,3,3,3,3,2,3,3,3,3,3,3,3,3,3,3,4,4,4,4,4,4,4,4,4,4,4,4,4,4,4,4,4,4,4,4,5,3,5,5,6,5,5,5,5,3,5,6,4,5,5,5,5,5,5,5
51,1,1,1,1,1,1,1,1,1,1,1,1,1,1,1,1,1,1,1,2,2,2,2,2,2,2,2,2,2,2,2,2,2,2,2,2,2,2,2,3,3,3,3,3,3,3,3,3,3,3,2,3,3,3,3,3,3,3,3,4,4,4,5,4,3,4,4,4,4,4,4,4,4,4,4,4,4,4,4,5,5,5,5,5,5,5,5,5,5,5,5,5,5,5,5,5,5,5,5
52,1,1,1,1,1,1,2,1,1,1,1,1,1,1,2,2,1,1,1,2,2,2,2,2,2,2,2,2,2,2,2,2,2,2,1,2,2,2,2,3,3,3,3,3,3,3,3,3,3,3,3,3,3,1,3,3,3,3,5,4,4,4,4,4,4,4,4,4,4,4,4,3,4,4,4,4,4,4,4,5,5,5,5,5,5,5,5,5,4,5,5,5,3,5,5,5,5,5,5
53,1,1,1,1,1,1,1,1,3,1,1,1,1,1,1,1,1,1,1,2,2,2,2,2,2,2,2,2,2,2,2,2,2,2,2,2,2,2,2,3,3,3,3,3,3,3,2,3,4,3,3,3,3,3,3,3,3,3,3,4,4,4,4,4,4,4,4,4,4,4,4,4,4,4,4,4,4,4,4,5,4,5,3,4,5,5,5,5,7,5,5,5,5,5,5,5,5,5,5
54,1,1,1,1,1,1,1,1,1,1,1,1,3,1,1,1,1,1,1,2,2,2,2,2,2,2,2,2,3,3,2,2,2,2,2,2,2,2,2,3,3,3,3,5,3,3,3,3,3,3,3,3,3,3,3,3,3,3,3,4,4,6,4,4,4,4,4,4,4,6,4,4,4,4,4,4,4,4,4,5,5,5,5,5,5,5,5,5,5,5,6,5,5,5,5,5,5,5,7
55,1,1,1,1,1,1,1,1,1,1,1,1,1,1,1,1,1,1,1,2,2,2,2,2,2,2,2,2,2,2,2,2,2,2,2,2,2,2,2,3,3,3,3,4,3,3,3,3,1,5,3,3,3,3,3,3,3,3,3,4,4,4,4,4,4,4,4,4,4,4,4,4,2,4,4,4,4,6,4,5,5,5,5,5,5,5,5,5,5,5,5,5,5,5,5,6,5,3,5
56,1,1,1,1,1,1,2,3,1,1,1,1,1,1,1,2,1,1,1,2,2,2,2,2,2,2,2,2,2,2,2,2,4,2,2,2,2,2,2,3,3,3,3,3,3,3,3,3,3,3,3,3,3,3,3,1,3,3,3,4,1,4,4,4,4,4,3,4,4,4,3,4,4,4,4,4,4,4,4,5,4,5,5,5,5,4,5,5,5,5,5,3,5,5,5,5,5,5,5
57,1,1,1,1,1,1,2,1,1,1,1,1,1,1,1,1,1,1,1,2,2,2,2,2,2,4,2,2,2,2,2,2,2,2,2,2,2,2,2,3,3,3,3,3,3,4,3,3,3,3,3,3,3,3,3,3,3,3,3,4,4,4,4,4,4,4,4,4,4,4,4,4,4,4,4,4,4,4,2,5,5,5,4,5,5,6,5,5,5,5,5,5,5,5,5,5,5,5,4
58,1,1,1,1,1,1,1,1,1,1,1,1,1,1,2,1,1,1,1,2,2,2,2,2,2,2,2,2,2,2,2,2,2,2,2,2,2,2,1,3,3,3,3,3,3,1,3,3,3,3,3,3,3,3,3,3,3,3,3,4,4,4,4,4,4,4,4,4,4,4,4,4,4,4,4,4,4,4,3,5,5,5,5,5,5,5,5,5,5,5,6,5,5,5,5,5,5,5,5
59,1,1,1,2,1,1,1,1,1,1,1,1,1,1,1,1,1,1,1,1,2,2,2,2,2,2,2,2,2,2,2,2,2,2,2,2,2,2,2,4,3,3,3,3,3,5,3,3,3,3,4,3,3,3,3,3,3,3,3,4,4,4,4,4,4,4,4,4,4,4,4,4,4,4,4,4,4,4,4,5,5,5,5,5,5,5,5,5,5,5,5,5,5,5,5,5,5,5,5
60,1,1,1,1,3,1,1,1,1,1,1,1,1,1,1,1,1,1,1,2,2,2,2,2,2,2,4,2,2,2,2,2,2,2,2,2,2,2,2,3,3,3,3,3,3,3,3,3,3,3,3,3,3,3,3,3,3,3,3,4,4,6,4,5,4,4,4,4,4,4,4,4,4,4,4,4,5,4,4,5,5,5,5,5,5,5,5,5,5,5,5,5,5,5,5,5,5,5,5
61,1,1,1,1,1,1,1,1,1,1,1,1,1,3,3,1,1,1,1,2,2,2,2,2,2,2,2,2,2,2,2,2,2,2,2,2,2,3,2,3,3,3,3,5,3,3,3,3,3,3,3,3,3,3,3,3,3,3,3,4,4,4,4,4,4,4,4,4,4,4,4,4,4,4,4,4,5,4,4,5,5,5,5,5,5,5,5,5,5,5,5,5,5,5,5,5,5,5,5
62,1,1,1,1,1,1,3,1,3,1,1,2,1,2,1,1,1,3,1,2,2,2,2,2,2,3,2,2,4,2,2,2,3,2,2,2,2,2,2,3,3,3,4,3,3,3,5,3,3,3,3,3,3,3,3,3,3,3,3,4,4,5,3,4,4,4,4,4,4,4,4,4,4,4,4,4,4,4,4,5,5,5,5,5,5,5,5,5,5,5,5,5,5,5,4,5,5,5,5
63,1,1,1,1,1,1,1,1,1,1,1,1,1,1,1,2,1,1,1,2,2,2,2,2,2,2,2,2,2,2,2,2,2,2,2,2,2,2,2,3,3,3,1,3,3,3,3,3,3,3,3,3,3,3,3,3,3,3,3,4,4,4,4,4,4,6,4,5,4,4,2,4,4,4,4,5,4,4,4,5,3,5,5,5,5,5,5,5,5,5,5,5,5,5,5,5,5,5,5
64,1,1,1,1,1,1,1,1,1,1,1,1,1,1,1,1,1,3,1,2,2,2,2,2,1,2,2,2,1,2,1,2,2,2,2,2,4,2,2,3,3,3,3,3,3,3,3,4,3,4,3,3,3,3,3,3,3,4,3,4,4,4,4,4,4,4,4,6,5,4,4,4,4,4,4,4,4,4,4,5,4,5,5,5,5,5,5,5,5,5,5,5,4,5,5,7,5,5,5
65,1,1,1,1,1,1,1,1,1,1,1,1,1,1,1,3,1,1,1,2,2,2,2,2,2,2,2,2,2,2,2,2,2,2,2,1,2,2,2,3,3,3,3,3,3,3,3,3,3,3,3,3,3,3,3,3,3,3,3,4,2,4,4,4,4,4,4,4,4,4,4,4,4,4,4,4,4,4,4,5,5,3,5,5,5,5,5,5,5,5,5,5,5,5,5,5,6,5,5
66,1,1,1,1,1,1,1,1,1,1,1,1,1,1,1,1,1,1,1,2,2,4,2,2,2,2,2,4,2,2,2,2,2,2,2,2,2,2,2,3,3,3,3,3,3,3,3,2,3,3,3,3,3,3,3,5,3,3,3,4,4,4,4,4,4,4,4,4,4,2,2,4,4,4,4,4,4,4,4,5,5,5,5,5,5,5,4,5,5,5,5,5,5,5,5,5,5,3,5
67,1,1,3,1,1,1,1,1,1,1,1,1,1,1,1,1,1,1,1,2,2,2,2,2,2,2,2,2,2,2,3,2,2,3,2,2,2,2,2,3,3,3,3,3,3,3,3,3,3,3,3,3,3,3,3,5,3,3,3,3,4,4,4,4,4,6,4,4,4,4,2,4,2,4,4,4,4,4,4,5,5,5,5,5,5,3,5,5,5,5,5,5,5,4,5,5,5,5,5
68,1,1,1,1,1,1,1,1,2,1,1,1,1,1,1,1,1,1,1,2,2,2,2,2,2,2,2,2,2,2,2,2,2,2,2,2,2,3,2,3,4,3,3,3,3,3,3,3,3,3,3,3,3,1,3,3,3,3,3,5,4,4,4,4,4,4,4,4,4,4,4,4,4,4,5,4,4,4,4,5,5,5,5,5,5,5,5,5,4,5,6,5,5,5,5,5,5,7,5
69,1,1,1,1,1,1,1,1,1,2,1,1,1,1,1,1,2,1,1,2,2,4,2,2,2,2,1,3,2,3,2,2,2,2,2,2,2,2,2,3,3,3,3,3,3,3,3,3,3,3,3,3,3,5,3,3,3,3,3,4,4,4,4,4,4,4,4,3,4,4,4,4,4,3,4,4,4,4,4,5,5,5,5,5,5,3,5,5,5,5,5,5,5,3,5,5,5,5,3
70,1,1,1,1,1,1,1,1,1,1,1,1,1,1,1,1,1,1,1,2,2,2,2,2,2,2,2,2,2,2,2,2,2,1,2,2,2,2,3,3,3,3,3,3,3,3,3,3,3,3,3,3,3,5,3,3,3,3,3,4,4,4,4,4,4,4,4,4,4,4,4,4,4,6,4,4,6,4,4,5,5,5,5,5,5,5,5,5,4,5,7,5,5,5,5,5,5,5,5
71,1,1,2,1,1,1,1,1,1,1,1,1,1,1,1,1,1,1,1,2,1,2,2,2,2,2,2,2,2,2,2,4,2,2,2,2,2,2,3,3,3,3,3,3,2,4,3,3,3,3,3,3,3,3,3,3,3,3,3,4,4,4,4,4,4,4,4,4,4,4,4,4,4,4,5,4,4,4,4,5,5,5,5,5,5,5,5,5,5,5,5,5,5,5,5,5,5,5,6
72,1,1,1,1,1,1,1,1,1,1,1,1,1,1,1,1,1,1,1,2,2,2,2,2,2,2,2,2,2,2,2,2,2,2,2,4,2,2,2,3,3,3,3,3,3,3,3,3,3,1,3,4,3,3,3,4,3,3,3,4,4,4,4,4,3,4,6,4,4,4,4,4,4,4,4,4,4,4,4,5,5,5,5,5,5,5,3,5,5,5,5,5,5,5,5,5,5,5,5
73,1,3,1,1,1,1,1,1,1,1,1,1,1,1,1,1,1,1,1,2,2,2,2,2,2,2,1,3,2,2,2,2,2,2,4,2,2,2,2,3,3,3,3,3,3,3,3,3,3,3,3,3,3,3,3,3,3,3,2,4,4,4,4,5,4,4,4,4,4,4,4,4,4,4,3,4,4,4,4,5,5,5,5,5,5,5,5,5,5,5,5,5,5,5,5,5,5,5,5
74,1,1,1,1,1,1,1,1,1,1,1,1,1,1,1,1,1,1,1,2,2,2,2,2,2,2,2,2,2,2,3,2,2,2,2,2,2,2,2,3,3,3,3,3,3,3,4,3,3,3,3,3,3,2,3,3,3,3,3,4,4,4,4,4,4,4,4,4,4,4,4,4,4,3,4,4,4,4,4,5,5,5,6,5,5,5,5,5,5,3,5,5,5,5,5,5,5,5,5
75,1,1,1,3,1,1,3,1,1,2,1,1,1,1,1,1,1,1,1,2,2,2,2,2,2,2,3,2,2,2,2,2,2,2,2,2,2,2,4,3,3,1,3,3,3,3,3,3,3,3,3,3,3,3,3,3,3,3,3,4,3,4,4,4,4,4,4,5,4,4,4,4,4,4,4,4,6,4,4,5,5,5,5,5,5,5,5,5,5,5,3,5,5,5,5,5,5,5,4
76,1,1,1,1,1,1,1,1,1,1,1,1,1,1,1,1,1,1,1,2,2,2,2,2,2,2,2,2,2,2,3,2,2,2,2,4,2,2,2,3,3,3,3,3,3,3,3,3,3,3,3,5,3,3,3,3,3,3,3,4,4,4,4,4,4,4,4,4,4,4,4,4,4,4,4,4,4,4,4,5,5,5,5,5,5,5,5,5,5,5,5,5,5,5,5,5,5,5,5
77,1,1,1,1,1,1,1,1,1,1,3,1,1,1,1,1,1,1,1,2,1,2,2,3,2,2,2,2,2,2,2,2,2,2,2,2,2,2,2,3,3,3,3,3,3,4,3,3,3,3,5,3,3,3,3,3,3,3,3,4,4,4,4,4,4,4,4,4,4,4,4,4,4,4,4,4,4,4,4,5,5,4,5,5,5,5,5,4,5,5,5,5,5,5,5,5,5,5,5
78,1,1,1,1,1,1,3,1,1,1,1,1,2,1,1,1,1,1,1,2,2,2,2,2,2,2,2,2,2,2,2,2,2,2,2,2,2,2,2,3,3,3,3,3,3,3,3,3,3,3,3,3,3,3,3,3,3,3,3,4,4,4,4,4,4,4,4,4,4,4,4,4,4,4,4,4,4,4,4,3,5,5,5,5,5,5,5,5,5,5,5,5,5,5,5,5,5,5,5
79,1,1,1,1,1,1,1,1,1,1,1,1,1,1,2,1,1,1,1,2,2,2,2,2,2,2,2,2,2,2,2,2,2,2,2,2,2,2,2,3,4,3,3,3,3,3,3,3,3,3,3,3,3,3,3,3,3,3,3,4,4,4,4,4,4,4,4,4,4,4,3,4,4,4,4,4,4,4,4,5,3,5,5,5,5,5,5,5,5,5,5,3,5,5,5,5,5,5,5
80,1,1,1,1,1,1,1,1,1,1,1,1,1,1,2,1,1,1,1,2,2,2,2,2,2,2,2,4,2,2,2,2,2,2,2,2,2,2,2,3,3,3,3,3,3,3,3,3,3,3,5,3,3,3,3,3,3,3,3,4,4,4,4,4,4,4,4,4,4,4,4,4,4,6,4,4,4,4,4,5,5,5,5,5,5,5,5,5,5,4,5,5,5,5,5,5,5,3,5
81,1,1,1,1,1,1,1,1,1,1,1,1,1,1,1,1,1,1,1,2,2,2,2,2,2,2,2,2,2,1,2,2,2,2,2,2,2,2,2,3,3,3,3,3,5,3,3,3,3,2,3,3,3,3,3,3,3,3,3,4,4,4,4,4,4,4,4,4,2,4,4,4,4,4,4,4,4,4,4,5,5,5,5,5,4,5,5,5,7,5,5,5,5,5,5,5,5,5,5
82,1,3,2,1,1,1,2,1,1,1,1,2,1,1,3,1,1,1,1,2,2,2,2,2,2,2,2,1,2,2,2,2,1,2,2,2,2,3,2,3,3,3,4,3,3,3,3,5,3,3,3,3,3,3,3,3,3,3,3,4,4,4,4,4,4,4,4,5,4,4,4,4,4,4,4,4,4,4,4,4,5,5,5,5,5,5,5,5,5,5,5,5,5,5,5,5,5,5,5
83,1,1,1,1,1,1,1,1,1,1,1,1,1,1,1,1,1,1,1,2,2,2,2,2,3,3,2,2,2,2,2,2,2,2,2,2,2,2,2,3,3,3,3,3,3,3,3,3,3,3,3,3,3,3,3,3,3,3,3,4,4,4,4,4,4,4,4,4,4,4,4,3,4,4,4,4,4,4,4,4,5,5,5,5,5,5,5,5,5,5,5,5,5,5,5,5,5,4,5
84,1,1,1,1,1,1,1,1,1,1,1,1,1,1,1,1,1,2,1,2,2,2,2,2,2,2,2,2,2,2,2,2,2,2,2,2,2,2,2,3,3,3,3,3,3,3,3,3,3,3,3,3,3,3,3,3,3,3,3,4,4,4,5,4,4,4,4,4,4,4,4,2,4,4,4,4,4,4,4,5,5,5,5,5,5,5,5,5,5,5,5,5,5,5,5,5,5,5,5
85,1,1,1,1,1,1,1,1,1,1,1,1,1,1,1,1,1,1,1,2,3,2,4,2,2,2,2,2,4,2,2,2,2,2,2,2,2,2,2,3,3,3,3,3,3,3,3,3,3,3,3,3,3,3,3,3,3,3,3,4,4,4,4,4,4,4,4,4,4,4,4,4,4,4,4,4,4,4,4,4,2,5,5,5,5,5,5,5,5,7,5,5,5,5,5,5,5,5,5
86,1,1,1,1,1,1,1,1,1,1,1,1,1,1,1,1,3,1,1,2,2,2,2,2,1,2,2,2,2,2,2,2,2,2,2,3,2,2,2,3,3,3,3,4,3,3,3,3,3,3,3,3,3,2,3,3,3,3,3,4,4,4,6,4,4,4,4,5,4,4,4,4,4,4,4,4,4,4,4,5,5,5,5,5,5,5,5,5,5,5,5,5,5,7,5,5,5,5,3
87,1,1,1,1,1,1,3,1,1,1,1,1,1,1,1,1,1,1,1,2,2,2,2,2,2,2,2,2,2,2,2,2,2,2,2,2,2,2,2,3,3,3,3,3,3,3,3,3,3,3,3,3,1,3,3,3,3,3,3,4,4,4,4,4,4,4,4,4,4,4,4,4,4,4,6,4,4,4,4,5,5,5,5,5,5,5,5,5,5,5,5,6,5,5,5,5,5,5,5
88,1,1,1,1,1,1,1,1,1,1,1,1,1,1,3,1,1,1,1,2,2,2,2,2,2,2,2,2,2,2,1,2,2,2,2,2,2,4,2,2,3,3,3,3,3,3,3,3,3,3,3,4,3,4,3,3,3,3,3,2,4,4,4,4,4,4,4,4,4,4,4,4,4,4,4,4,4,4,4,5,5,5,5,5,4,5,5,5,5,5,5,5,5,5,5,5,5,5,5
89,1,1,1,1,1,1,2,3,1,1,1,1,1,1,2,1,1,1,1,2,1,2,2,2,2,4,2,2,2,2,2,2,2,2,2,2,2,2,2,3,3,3,3,3,3,3,3,3,3,5,3,3,3,3,3,3,3,3,3,4,1,4,4,4,4,4,3,4,4,4,4,4,4,4,4,4,4,4,4,5,5,5,5,4,5,5,5,5,5,5,5,5,5,5,5,5,5,5,5
90,1,1,1,1,1,1,1,1,1,1,1,1,1,1,1,1,1,1,1,2,2,1,2,2,2,2,2,2,2,2,2,2,2,2,2,2,2,2,2,3,3,3,3,3,3,4,3,3,5,3,3,3,3,3,3,3,3,3,3,4,4,4,6,4,4,4,4,4,4,4,4,4,4,4,4,5,4,4,4,5,5,5,7,5,5,6,5,5,5,5,5,5,5,5,5,5,3,5,5
91,1,1,1,1,1,1,1,1,1,1,1,1,1,1,1,1,1,1,1,2,2,2,2,1,2,2,2,2,2,2,2,2,2,2,2,2,2,2,2,3,3,3,3,3,3,3,3,3,3,3,3,3,3,3,3,3,1,3,3,4,4,4,4,4,4,4,5,4,6,4,4,4,4,4,4,4,4,6,4,5,5,5,5,5,5,5,5,5,5,5,5,5,5,5,5,5,5,5,5
92,1,1,1,1,1,1,3,1,1,1,1,1,1,1,1,1,1,1,1,2,2,2,2,2,2,2,2,2,2,2,2,2,2,2,2,2,2,2,2,4,3,3,3,3,3,3,3,3,3,3,3,3,3,3,3,3,3,3,3,4,4,4,4,4,4,4,4,4,4,4,4,4,4,4,4,4,5,4,4,5,5,5,5,5,5,5,5,5,5,6,5,5,5,5,5,5,5,5,5
93,1,1,1,1,1,1,1,1,3,1,1,1,1,1,1,1,1,1,1,2,2,2,3,2,2,1,2,2,2,2,3,1,2,2,2,2,2,2,2,3,3,3,3,3,3,3,3,3,3,3,3,3,3,3,4,3,3,1,3,4,4,4,4,4,4,4,4,4,4,4,4,4,4,4,4,4,4,4,4,5,5,5,5,5,5,3,5,3,5,5,3,5,5,5,5,5,5,5,5
94,3,1,1,1,1,1,1,1,1,1,1,1,1,1,1,1,1,1,2,2,2,2,2,2,2,4,2,2,2,2,2,2,2,2,2,2,2,2,2,4,3,3,3,3,3,3,3,3,3,3,3,3,3,3,3,3,3,3,3,4,4,6,4,4,6,4,4,4,4,4,4,4,4,4,4,4,4,6,4,5,5,5,5,5,5,5,5,5,5,4,5,5,5,4,5,5,5,5,3
95,1,1,1,1,1,1,2,2,1,1,1,1,1,1,1,1,1,1,1,2,2,2,2,4,4,2,2,2,2,2,2,2,2,2,2,2,2,2,2,1,3,3,3,3,3,3,2,5,3,3,3,3,3,3,3,3,3,3,3,4,4,4,4,4,4,4,6,4,4,4,4,4,4,4,4,4,4,4,4,5,5,5,5,5,5,5,5,5,5,5,5,5,5,5,5,5,5,7,5
96,1,1,1,1,1,1,1,1,1,2,1,1,1,1,1,1,1,1,1,2,2,2,2,2,2,2,2,2,2,2,2,2,2,2,2,2,2,2,2,3,3,3,3,3,2,3,3,3,3,3,3,3,3,3,3,3,3,3,3,4,4,4,4,4,4,4,4,4,6,4,4,4,4,4,4,4,2,4,4,5,5,5,3,5,5,5,5,5,5,5,5,5,5,5,5,5,5,5,3
97,1,1,1,1,1,1,1,1,1,1,1,1,1,1,1,1,1,1,3,2,2,2,2,2,2,2,2,2,2,2,2,2,2,2,2,2,2,2,2,3,3,3,3,3,3,3,3,3,3,3,3,3,3,3,3,3,3,3,3,4,4,4,4,4,4,2,4,4,4,4,6,4,4,4,4,4,4,4,4,5,5,5,6,5,5,5,5,3,5,5,7,7,5,5,5,5,5,5,5
98,1,1,1,1,1,1,1,1,1,1,1,1,1,1,1,1,1,1,1,2,2,2,2,2,2,2,2,2,2,2,2,2,2,2,2,2,2,3,2,3,3,3,3,3,3,3,3,3,3,3,3,3,3,3,3,3,3,3,3,4,4,4,4,4,4,4,4,4,2,4,4,4,4,4,4,4,4,4,4,5,5,5,5,3,5,5,5,5,5,5,5,5,5,5,6,5,5,5,5
99,1,1,1,1,1,1,1,1,1,1,1,1,1,1,1,1,1,1,1,2,2,2,2,3,2,2,2,2,2,2,2,2,1,2,2,2,3,2,2,3,3,3,3,3,3,3,3,1,3,5,3,3,3,3,3,3,3,3,2,4,4,4,4,4,4,4,4,4,4,4,4,3,4,4,4,4,4,4,4,5,5,5,5,5,5,5,5,6,5,5,5,5,5,5,5,5,5,5,5
100,1,1,1,1,1,1,1,1,1,1,1,1,1,1,1,1,1,1,3,2,2,2,2,2,2,2,2,2,2,2,2,2,2,1,4,2,2,2,2,2,3,3,3,3,3,3,3,3,3,3,3,3,1,3,3,3,3,3,3,4,5,4,4,4,4,4,4,4,3,4,4,4,4,4,4,4,4,4,4,5,5,5,5,5,5,5,5,3,5,5,5,5,5,5,5,5,5,5,4
101,2,2,1,1,3,1,1,1,1,1,1,1,1,1,1,1,1,1,1,2,2,2,2,2,2,2,2,2,2,2,2,3,2,2,2,2,2,2,2,3,3,3,4,3,3,3,3,3,3,3,3,3,1,3,3,3,2,5,3,4,4,4,3,4,4,4,4,4,4,4,4,4,4,4,4,4,4,2,4,5,5,5,5,5,5,5,5,5,5,5,5,6,5,5,7,5,5,5,5
102,4,1,1,1,1,1,1,1,1,1,1,1,1,2,1,1,1,1,1,2,2,2,2,2,2,4,2,2,2,2,2,2,2,2,4,2,2,2,2,3,3,3,3,1,3,1,3,3,3,4,3,1,3,3,3,3,3,3,3,4,3,4,4,4,4,4,4,3,4,4,4,4,4,4,4,4,4,4,2,5,5,5,5,5,5,5,5,5,5,5,5,5,5,5,5,5,5,5,5
103,1,1,1,1,2,1,1,1,1,1,1,1,1,1,1,1,1,1,1,2,2,2,1,2,2,2,3,2,3,2,2,2,2,2,2,2,2,4,2,3,3,3,3,3,3,3,3,3,3,3,3,3,3,3,3,3,3,3,3,4,4,4,4,4,4,4,4,4,4,4,4,4,4,4,4,4,5,4,4,5,5,5,3,5,5,5,5,5,5,5,7,4,5,5,5,5,5,5,5
104,1,1,1,1,1,1,1,1,1,1,1,1,1,1,1,2,1,1,1,2,2,3,2,2,2,2,2,1,2,2,2,2,2,1,3,2,2,2,2,3,3,3,3,3,3,3,3,3,3,3,3,3,3,3,3,3,3,3,3,4,4,4,4,4,4,4,4,4,4,4,4,4,3,4,6,4,4,4,4,5,5,5,5,5,5,5,5,5,5,5,5,5,5,5,4,5,5,5,6
105,1,1,1,1,1,1,1,1,1,1,1,1,1,1,1,1,1,1,1,1,2,2,2,2,2,3,1,4,2,2,2,2,3,2,2,2,2,2,2,3,3,3,3,1,3,3,3,3,3,3,3,3,3,3,5,3,3,3,3,4,5,4,4,4,4,4,4,4,5,4,4,4,4,4,4,4,4,4,4,5,5,5,5,5,5,5,5,6,5,5,5,5,5,5,5,5,5,5,5
106,1,1,1,1,1,3,1,1,1,1,1,1,2,1,1,1,1,1,3,2,2,2,2,2,1,2,2,2,2,2,2,2,2,2,2,2,2,2,2,3,3,3,5,3,3,3,3,3,3,3,3,3,3,2,3,3,3,3,3,4,4,4,4,4,4,4,4,4,4,4,4,4,4,4,4,4,4,3,4,5,5,5,5,5,5,5,7,5,5,3,5,5,5,5,5,5,5,5,5
107,1,1,1,1,1,1,1,1,1,1,1,1,1,1,1,1,1,1,1,2,2,2,2,2,2,2,2,2,2,2,2,3,4,1,2,2,2,2,2,3,3,3,3,3,3,3,3,3,3,3,3,3,3,3,3,3,3,3,3,2,4,4,4,4,6,4,4,4,4,4,4,4,4,4,4,4,4,4,4,5,5,5,5,5,5,5,6,5,5,5,5,5,5,5,5,5,5,5,5
108,1,1,1,1,1,1,1,1,1,3,1,1,1,1,1,1,1,1,1,3,2,2,2,2,2,2,2,2,2,2,2,2,2,2,2,2,2,2,3,3,3,3,3,2,3,3,3,3,3,3,3,3,3,3,3,3,3,3,3,4,4,4,4,4,4,4,4,4,4,4,4,4,4,4,4,6,4,5,4,5,5,5,5,5,5,5,5,5,5,5,5,5,5,5,5,5,5,5,5
109,1,1,1,1,1,1,1,1,1,1,1,1,1,1,1,1,1,1,1,2,2,2,2,2,2,2,2,2,2,2,2,2,2,2,2,2,2,2,2,1,3,3,3,3,3,3,3,3,3,3,3,3,3,2,3,3,3,3,1,4,4,4,4,4,4,4,4,4,4,4,4,4,5,4,4,4,4,4,4,4,5,5,4,5,5,5,7,5,5,5,5,5,5,5,5,5,5,5,5
110,1,1,1,1,1,1,3,1,1,1,1,1,1,1,1,1,1,1,1,2,2,2,2,2,2,2,2,2,2,2,1,2,1,2,2,3,2,2,2,3,3,3,3,5,3,3,3,3,3,3,3,3,3,3,3,3,3,3,3,4,4,4,4,4,4,4,4,4,4,4,4,2,4,4,4,4,4,4,4,2,5,5,5,5,5,5,5,5,5,5,5,5,5,5,5,4,5,5,5
111,1,1,1,1,1,1,1,1,3,1,1,1,1,1,1,1,1,1,1,2,2,2,2,2,2,2,2,2,2,2,4,2,2,2,2,2,2,2,2,3,3,3,5,3,3,3,3,3,3,3,3,3,3,3,3,1,3,3,3,4,2,4,4,4,4,4,4,4,4,4,4,4,4,4,4,4,4,4,4,2,5,5,5,5,5,5,5,5,7,5,5,5,5,5,5,5,5,5,5
112,1,1,1,1,1,1,1,1,1,1,3,1,1,1,1,1,1,1,1,2,2,2,2,2,2,2,2,2,2,2,2,2,2,2,2,2,2,2,4,3,3,3,5,3,3,3,3,3,3,3,3,3,3,3,3,3,3,3,3,4,4,4,4,4,4,4,4,4,4,4,4,4,4,6,4,4,4,4,4,5,2,5,5,5,5,5,5,5,7,5,5,5,5,5,5,5,5,5,5
113,1,1,1,1,2,1,1,1,1,1,1,1,1,1,1,1,1,3,1,2,2,2,2,2,2,2,2,2,2,2,2,2,2,2,2,1,2,2,2,3,3,3,3,3,4,3,3,3,3,3,3,2,3,3,3,3,3,3,3,5,4,4,4,4,4,4,4,4,4,4,4,4,4,4,4,4,4,4,4,5,6,5,5,5,5,5,5,5,5,5,5,5,5,5,5,5,5,5,5
114,1,1,1,2,1,1,1,1,1,1,1,1,1,1,1,1,1,1,1,2,2,2,2,2,2,2,2,2,2,2,2,2,2,2,2,2,2,2,2,3,3,3,3,3,3,5,3,3,3,3,2,3,3,3,3,3,3,3,3,4,4,4,4,4,4,4,4,4,4,4,4,4,4,4,4,4,4,4,4,5,5,5,5,5,5,5,5,5,5,5,5,5,5,5,5,3,5,5,5
115,1,1,1,1,2,1,1,1,2,1,1,1,1,1,1,1,1,1,1,2,2,2,2,2,2,2,2,2,2,2,2,2,2,2,3,2,2,2,2,3,3,3,3,3,3,3,3,3,3,3,3,3,3,3,3,3,3,3,4,4,4,6,4,4,4,4,4,2,4,4,4,4,2,4,4,4,4,4,4,5,5,5,5,5,5,5,5,5,5,5,5,5,5,5,5,5,5,5,5
116,1,1,2,1,1,1,1,3,1,1,1,1,1,1,1,1,1,1,1,2,2,2,2,2,2,2,2,2,2,2,2,2,2,2,2,2,2,2,2,3,3,3,3,3,3,3,3,3,3,3,5,3,3,3,3,3,3,3,3,4,4,4,4,4,4,4,4,5,4,4,4,2,4,4,4,4,4,4,4,5,5,5,5,5,5,4,5,5,5,5,5,5,5,5,5,5,5,5,5
117,1,1,1,1,1,1,1,1,1,1,1,1,1,1,1,1,1,1,1,2,2,2,2,2,2,2,2,2,2,2,2,2,2,2,2,2,2,2,3,4,3,3,3,3,3,3,3,3,3,3,3,3,3,5,3,3,3,3,3,4,4,4,4,4,4,4,4,4,4,4,4,4,4,4,4,4,4,4,4,5,5,5,3,5,5,5,5,5,5,6,5,5,5,5,5,5,5,5,5
118,1,1,1,1,3,1,1,1,1,1,1,1,1,1,1,1,2,1,1,2,2,2,2,2,2,2,2,2,2,2,2,2,2,2,2,2,2,2,2,3,3,3,3,3,3,4,3,3,3,3,3,3,3,3,3,3,3,3,3,4,4,4,4,4,4,4,4,4,4,4,4,4,4,4,4,4,4,4,3,5,5,5,5,4,5,5,5,5,5,5,5,5,5,3,5,5,5,5,5
119,5,1,1,1,1,1,1,1,1,1,3,1,1,1,1,1,1,1,1,2,2,2,2,2,2,2,2,2,2,3,2,2,2,2,2,2,2,2,2,3,3,3,3,1,3,3,3,3,3,3,3,3,3,3,3,3,3,3,3,4,4,4,4,4,4,4,5,4,5,4,4,4,4,4,4,6,4,4,4,5,5,5,5,7,5,5,5,5,5,5,6,5,5,5,5,5,5,5,5
120,1,1,1,1,1,1,1,1,1,1,1,1,1,1,1,1,1,3,1,2,2,2,2,2,2,2,2,2,2,2,2,2,4,2,2,1,2,2,2,3,3,3,3,3,3,3,3,3,3,3,3,3,3,3,3,3,3,3,3,4,4,4,4,4,6,4,2,4,4,6,4,2,4,4,4,4,4,4,4,5,5,5,5,5,5,5,5,5,5,5,5,7,5,5,5,5,5,5,5
121,1,1,1,1,1,1,1,1,1,1,1,1,1,3,1,1,1,3,1,2,2,2,2,2,2,2,2,2,2,2,2,2,2,2,1,2,2,2,2,3,3,3,3,3,3,3,3,3,3,3,3,3,3,3,3,3,3,3,2,4,4,4,4,4,4,4,4,4,4,4,4,4,4,4,4,4,4,4,4,5,5,5,5,5,5,3,5,5,5,5,5,5,5,5,5,5,5,5,5
122,1,1,2,1,1,1,1,1,2,2,1,1,1,2,1,1,1,1,1,2,2,2,2,2,2,2,2,2,2,2,2,2,4,2,2,4,2,2,2,3,3,3,3,3,3,3,3,4,3,3,3,3,3,3,3,3,3,3,3,4,4,4,4,4,4,4,2,4,4,4,4,4,4,4,4,4,4,4,4,5,5,5,5,5,5,5,5,5,5,5,5,5,4,5,5,5,5,5,5
123,1,3,1,1,1,1,1,1,1,1,1,1,3,1,1,2,1,1,3,2,2,2,2,2,2,4,2,2,2,2,2,2,2,2,2,1,2,2,2,3,3,3,3,3,3,3,3,2,5,3,3,3,3,3,3,3,3,3,3,4,4,4,4,3,4,4,4,4,4,4,4,4,4,4,5,4,4,4,4,3,5,5,5,5,3,5,5,5,5,5,5,5,3,5,5,5,5,5,5
124,1,1,1,1,1,1,1,1,1,1,3,1,1,1,1,2,1,1,1,2,2,2,2,2,3,2,2,2,2,2,2,2,2,2,2,2,2,2,2,4,4,3,2,3,5,3,3,3,3,3,3,4,3,3,3,3,3,3,3,4,4,4,4,4,4,4,4,4,4,4,4,4,4,4,6,4,4,4,4,5,2,5,5,5,5,5,5,5,5,5,5,5,5,3,5,5,5,5,5
125,1,3,1,1,3,3,1,1,1,3,1,1,1,1,1,1,1,1,1,2,2,2,2,2,2,2,2,2,2,2,3,2,2,2,2,2,2,1,2,3,3,3,3,3,3,3,3,3,3,3,3,3,3,3,3,3,3,3,3,4,4,4,4,4,4,4,6,5,4,4,4,4,4,4,4,4,4,4,4,5,5,5,5,5,5,5,5,5,5,4,6,5,5,5,6,5,5,5,5
126,1,1,3,1,1,1,1,1,1,1,1,1,1,1,1,1,1,3,1,2,3,2,2,2,2,2,2,2,2,2,2,2,2,2,2,2,2,2,2,3,3,3,3,3,3,3,3,3,4,1,3,3,3,3,3,3,3,3,3,4,4,4,4,6,4,4,4,4,4,3,4,4,4,4,4,4,4,4,4,5,5,5,5,5,5,5,5,5,7,5,5,5,5,5,5,5,5,5,5
127,1,1,1,1,1,1,1,1,1,1,3,1,1,1,1,1,1,1,1,2,2,2,2,2,2,2,2,2,2,2,2,2,2,2,2,2,2,2,1,2,3,3,3,3,3,3,3,3,3,3,3,3,3,3,3,3,3,3,4,4,4,4,4,4,4,4,4,4,4,4,4,4,4,4,3,4,4,4,4,5,5,5,5,5,7,5,5,5,7,5,5,5,5,7,5,5,5,5,5
128,1,1,1,1,1,1,1,1,1,1,1,3,2,1,2,2,1,1,1,2,2,2,2,2,2,2,2,2,2,2,2,2,2,2,2,2,1,2,3,3,3,3,3,3,3,2,3,3,3,3,3,3,3,3,3,3,3,3,3,4,4,4,6,4,4,4,4,4,4,4,4,4,4,4,4,4,4,3,4,5,5,5,5,5,5,5,5,5,5,5,5,5,5,5,5,5,5,5,5
129,1,1,1,1,1,1,1,1,1,1,1,1,1,2,1,1,1,1,1,2,2,2,2,4,2,2,3,4,2,2,2,2,2,2,2,2,2,2,2,3,3,3,3,3,3,3,3,1,3,3,3,3,3,3,3,3,4,3,3,4,4,5,4,4,4,4,4,4,4,4,4,4,4,4,4,4,4,4,4,5,5,5,5,5,5,5,5,5,5,5,4,5,5,5,5,5,5,7,5
130,1,1,1,1,1,1,1,1,1,1,2,1,1,1,1,1,1,1,1,2,2,2,2,2,2,2,2,2,2,2,2,2,2,2,2,2,2,2,1,3,3,3,3,3,3,3,3,3,3,4,3,3,3,3,3,3,3,3,3,4,4,4,4,4,4,4,4,4,4,4,4,4,4,4,4,4,6,4,4,5,5,6,5,5,5,5,5,5,5,5,5,5,5,5,5,5,7,5,5
131,1,1,1,1,1,1,1,1,1,1,1,1,1,1,1,1,1,1,3,2,2,2,2,2,4,2,2,2,2,2,2,2,2,2,2,2,2,2,2,3,3,5,1,3,3,3,3,3,3,3,3,3,3,3,3,3,1,3,3,5,4,4,4,4,4,4,4,4,2,4,3,4,4,4,4,4,4,4,4,6,5,5,5,5,5,5,7,5,5,5,5,5,5,5,5,5,5,5,5
132,1,1,1,1,1,1,1,1,1,1,1,1,1,1,1,1,1,1,1,2,1,2,2,2,2,2,2,2,2,2,2,2,2,2,2,2,2,2,2,3,3,5,3,3,3,3,3,3,3,3,3,3,3,3,3,3,1,3,3,4,4,4,4,4,4,4,4,4,4,4,4,4,4,4,4,4,2,4,4,5,5,5,5,6,6,5,5,5,5,5,5,5,5,5,3,5,5,5,6
133,1,1,1,1,1,1,1,1,1,1,1,1,1,1,1,1,1,1,1,2,2,4,4,2,2,1,2,2,2,2,2,2,2,2,2,2,2,2,2,3,3,3,4,3,3,3,3,1,3,3,3,3,3,3,3,3,3,3,3,4,4,4,4,4,4,4,4,4,4,4,4,4,4,4,4,4,4,4,4,5,6,5,5,5,5,5,5,5,5,5,5,5,5,5,5,5,3,5,5
134,1,1,1,1,1,1,1,1,2,1,1,1,1,1,1,1,1,1,1,2,2,2,2,2,2,2,1,2,2,2,2,2,2,2,3,2,2,2,2,3,3,3,3,3,3,3,3,3,3,3,3,3,3,3,3,3,3,3,3,4,4,4,4,4,4,4,4,4,4,4,4,4,4,4,4,4,4,4,4,6,5,3,4,5,5,5,5,3,5,5,5,5,5,5,6,5,5,5,5
135,1,1,1,1,1,1,1,1,3,1,1,1,2,1,1,1,1,1,1,2,2,2,2,2,2,2,2,2,2,2,2,2,1,2,2,2,2,2,2,3,3,3,3,3,3,3,3,3,3,3,3,3,3,3,3,3,3,1,3,4,4,4,4,4,4,5,4,4,4,4,4,4,4,4,4,4,4,4,4,5,5,5,5,5,5,5,3,5,5,5,5,5,5,5,7,5,5,5,5
136,1,1,1,1,1,1,1,1,1,1,1,1,1,1,1,1,1,1,1,2,2,3,3,2,2,2,2,2,2,4,2,2,2,2,2,2,2,2,2,3,3,3,3,3,3,3,3,5,3,3,3,3,3,3,3,3,3,3,1,4,4,4,5,5,4,4,4,4,4,4,4,4,4,4,4,4,4,4,4,5,5,5,5,5,5,5,6,5,5,5,5,5,5,5,5,5,5,5,5
137,1,1,1,1,1,1,1,1,1,1,1,1,1,1,3,1,1,1,1,2,2,2,1,2,2,2,2,2,2,2,2,2,2,2,2,2,2,2,2,3,3,3,2,3,3,3,3,3,3,3,3,3,3,3,3,3,3,3,3,4,4,4,4,4,2,4,4,4,4,4,5,4,4,4,4,4,4,4,4,5,5,5,5,5,5,5,5,5,5,5,5,5,5,6,5,5,5,5,5
138,1,1,1,1,1,1,1,1,1,1,3,1,1,1,1,1,1,1,1,2,2,2,2,2,2,2,3,2,2,4,2,4,2,2,2,2,2,2,2,3,3,3,3,3,3,3,3,3,3,3,3,3,3,3,3,3,3,3,3,2,4,4,4,4,5,4,4,4,4,4,4,4,4,6,4,6,4,4,5,5,5,3,5,5,5,5,5,5,5,5,5,5,5,5,5,5,4,5,5
139,3,1,1,1,1,1,2,1,1,1,1,1,1,1,1,1,1,1,1,2,2,2,2,2,2,2,2,2,2,2,2,2,2,2,2,2,2,2,2,3,3,3,3,3,3,3,3,3,3,3,3,3,3,3,3,3,3,3,3,4,4,4,4,4,3,4,4,4,4,4,4,4,4,4,4,4,3,4,4,5,5,5,5,5,4,5,5,5,5,5,5,5,5,5,7,5,5,5,5
140,1,1,1,1,1,1,1,1,1,1,1,1,1,1,1,1,1,1,1,2,2,2,2,2,2,2,2,2,2,2,2,2,4,2,2,2,2,2,2,3,3,3,3,3,3,3,3,3,5,3,3,3,3,3,3,3,5,3,3,4,4,4,4,4,4,4,4,4,4,4,4,4,4,4,4,2,4,4,4,5,5,5,5,5,5,5,5,5,5,5,5,5,5,5,5,5,5,5,5
141,1,1,1,1,1,1,1,1,2,1,1,1,1,1,1,1,1,1,1,2,2,2,2,2,2,2,2,2,2,2,2,2,2,2,2,2,2,2,2,3,3,3,3,3,3,3,3,3,3,3,3,3,3,3,3,3,3,3,3,4,4,4,4,4,4,4,6,4,4,4,4,4,4,3,4,4,4,6,4,5,5,5,5,5,5,5,5,5,5,5,5,5,5,5,5,5,5,5,5
142,1,1,1,1,1,1,1,1,1,1,1,1,1,1,1,1,1,1,1,2,2,2,2,2,2,2,2,3,2,2,2,2,2,2,2,2,2,2,2,3,3,2,3,3,3,3,3,3,3,3,3,3,3,3,3,3,3,3,3,4,4,4,4,5,2,4,4,4,4,4,4,4,4,2,4,4,4,4,6,5,5,5,5,5,5,5,5,5,5,5,5,5,5,5,5,5,5,5,5
143,1,1,1,1,1,1,1,1,1,1,1,1,3,1,1,1,1,1,1,2,2,2,2,2,2,2,2,2,4,2,2,2,2,2,2,2,2,2,2,4,3,3,1,3,3,3,3,3,3,3,3,3,3,3,3,3,3,3,3,4,4,3,4,4,4,4,4,4,4,4,4,4,4,4,4,4,4,4,4,5,5,5,5,5,5,5,5,5,5,5,5,5,5,5,5,5,5,5,5
144,1,1,1,2,1,1,1,1,1,1,1,1,1,1,1,1,1,1,1,2,2,2,2,1,2,2,2,2,2,2,2,2,2,2,2,2,2,2,2,3,3,3,3,3,3,3,3,3,3,3,3,4,3,3,3,3,3,3,3,4,4,4,4,4,4,4,4,4,4,4,4,4,2,4,4,4,4,4,4,5,5,5,5,5,5,5,5,5,5,5,5,5,5,5,5,5,5,5,5
145,1,1,1,1,1,1,1,1,1,3,1,1,2,1,3,1,1,1,1,2,1,2,2,2,2,2,2,2,2,3,2,2,2,2,2,2,2,2,2,3,3,3,3,3,3,3,3,3,3,3,3,3,2,3,3,4,3,3,3,4,4,4,4,4,6,4,5,4,6,4,2,4,4,4,5,4,4,4,4,5,5,5,5,5,5,5,5,5,5,5,5,5,5,5,5,5,5,5,5
146,1,1,1,1,1,2,1,1,1,2,1,1,1,2,1,1,1,1,1,2,2,2,2,2,2,2,2,2,2,2,2,2,2,2,2,2,2,2,2,3,3,3,3,3,3,3,3,3,3,3,3,3,3,3,3,2,3,3,3,4,4,4,4,4,4,4,4,4,4,4,4,4,4,4,4,4,4,4,4,5,5,5,5,5,5,5,5,5,5,5,5,5,5,5,5,5,5,5,5
147,1,1,1,1,1,1,1,1,1,1,1,1,1,1,1,1,1,1,3,2,2,2,2,2,1,2,2,2,2,2,2,2,2,2,2,2,2,2,2,3,3,3,3,3,3,3,3,3,3,3,3,3,3,3,3,3,3,3,3,1,4,4,6,4,4,4,4,4,5,4,4,4,4,4,4,4,4,4,4,5,5,6,5,5,5,5,5,5,5,5,5,5,5,5,5,5,5,5,5
148,1,1,1,1,1,1,1,1,1,1,3,2,1,1,1,1,1,1,1,2,2,2,4,2,2,2,2,2,2,2,1,2,4,2,2,1,2,2,2,3,3,3,3,3,3,3,3,3,3,4,3,3,3,3,3,3,3,3,3,4,4,4,4,4,4,5,4,4,6,4,4,4,4,4,4,4,4,4,4,2,5,5,5,5,5,5,5,5,5,5,5,6,5,5,5,5,7,5,5
149,3,1,1,1,1,1,1,1,1,1,1,1,3,1,1,1,3,1,1,2,2,2,2,2,2,2,2,2,2,2,2,2,2,2,2,2,2,2,2,3,3,3,5,3,3,3,3,3,3,3,3,3,3,3,3,3,3,3,3,4,4,4,4,4,4,4,4,4,4,2,4,4,4,4,4,4,4,4,4,5,5,5,5,7,5,5,5,5,5,5,5,6,5,5,5,5,5,5,5
150,1,2,1,1,1,1,1,1,1,1,1,1,1,3,1,1,1,1,1,2,2,2,2,2,2,2,2,2,4,2,2,2,4,2,2,2,2,2,3,1,3,2,3,2,3,3,3,3,3,3,3,3,3,2,3,3,3,3,3,4,4,4,4,4,4,4,4,4,4,4,4,4,4,4,5,4,4,4,4,5,5,5,5,5,5,5,6,5,5,5,5,5,5,5,5,5,5,5,5
151,1,1,1,1,1,1,2,1,1,1,1,1,1,1,1,1,1,1,1,2,2,2,2,2,3,2,2,2,2,2,4,2,2,2,2,3,4,2,2,3,3,3,3,3,3,3,5,3,3,3,3,3,3,3,3,3,3,3,2,4,2,4,4,4,4,4,4,4,4,4,4,4,4,4,4,4,4,4,4,5,5,5,5,5,5,5,5,5,5,5,5,5,5,5,7,4,5,5,5
152,1,1,1,1,1,1,1,1,1,1,1,1,1,1,1,1,1,1,1,2,2,2,2,2,2,2,2,2,2,2,2,2,2,2,2,2,2,2,2,3,3,3,3,3,3,3,3,3,3,3,3,3,3,3,3,3,3,3,3,4,4,3,4,4,4,4,4,3,2,4,4,4,4,4,4,4,4,4,4,5,5,6,5,5,5,5,5,5,5,5,5,5,5,5,3,6,5,7,5
153,1,1,1,1,1,1,1,1,1,1,1,1,1,1,1,1,1,1,1,2,2,2,4,2,2,1,1,2,2,2,2,4,2,2,2,2,4,2,2,1,3,3,4,3,3,3,3,3,3,3,3,3,3,3,3,3,3,3,3,4,4,3,4,4,5,4,4,4,4,4,4,4,4,6,4,4,4,4,4,5,5,5,5,5,5,5,5,5,5,5,5,5,5,5,5,6,5,5,5
154,1,1,1,1,1,1,1,1,1,1,1,1,1,1,1,1,1,2,1,2,2,2,4,2,2,2,2,2,2,2,2,2,2,2,2,2,2,2,2,3,4,3,3,3,3,3,3,3,1,3,1,3,3,3,3,2,3,3,3,4,4,4,4,4,4,4,4,4,4,4,4,4,4,4,4,4,4,4,4,5,5,5,5,5,5,6,5,5,5,5,5,5,5,5,5,5,7,3,5
155,1,1,1,1,1,1,1,1,1,1,1,3,1,1,1,2,1,1,3,2,3,2,1,2,2,2,2,2,1,2,2,2,2,4,2,2,2,2,2,3,3,3,3,1,3,3,3,3,3,3,3,3,3,3,2,3,3,3,1,4,4,4,4,4,5,4,4,4,4,4,4,4,4,4,4,4,4,4,4,6,5,5,5,5,5,6,5,5,5,5,5,5,7,5,5,5,5,5,5
156,1,1,1,1,1,1,1,1,1,1,1,1,1,1,1,1,1,2,3,2,2,2,2,2,2,2,2,2,2,2,2,2,2,2,2,2,2,2,2,3,3,3,3,2,3,3,3,3,3,4,3,3,3,3,3,3,3,3,3,4,4,4,4,4,4,4,4,4,4,2,4,4,4,4,4,4,4,4,4,5,5,3,5,5,5,5,5,5,5,5,5,7,5,5,5,5,5,5,5
157,1,1,1,1,1,1,1,1,1,1,1,2,1,1,1,1,1,1,1,2,2,2,2,2,2,2,2,4,2,2,2,2,2,2,2,2,2,2,2,3,3,3,5,3,3,3,3,3,5,3,3,3,3,3,3,3,3,3,3,4,4,4,4,4,5,4,4,4,4,4,4,4,4,4,4,4,4,4,4,5,5,5,5,5,5,5,5,5,5,5,5,3,5,5,5,6,5,5,5
158,1,1,1,1,1,1,1,1,1,1,1,1,1,1,1,1,1,1,1,2,2,2,2,2,2,2,2,2,2,2,2,2,2,2,2,2,1,2,2,3,3,3,3,3,3,3,3,3,3,3,3,3,3,4,3,3,3,3,3,4,4,4,4,4,4,4,4,4,4,4,4,4,4,4,4,4,4,4,4,5,5,5,5,5,5,5,5,5,5,5,5,5,7,5,5,5,3,5,4
159,2,1,1,1,1,1,3,1,2,1,1,3,1,3,1,1,1,1,1,2,2,2,2,2,2,2,2,2,1,2,2,2,2,2,2,2,2,2,2,3,3,3,3,3,2,3,3,3,3,3,3,3,3,3,3,3,3,3,3,4,4,4,4,4,5,4,4,4,3,4,4,4,4,4,4,4,4,4,4,5,5,5,5,5,5,5,5,5,5,5,5,5,5,5,5,5,5,5,5
160,1,3,1,1,1,1,1,1,1,1,1,1,1,2,1,1,1,1,1,2,2,2,2,2,2,2,2,2,2,2,2,2,2,2,2,2,2,2,2,3,3,3,3,3,3,3,3,3,3,3,3,3,3,3,3,3,3,3,2,4,4,4,4,4,4,4,4,4,4,4,4,4,4,4,4,4,4,4,2,5,5,5,5,5,5,3,5,5,5,6,5,5,5,5,5,5,5,5,5
161,1,1,3,1,1,1,1,1,1,1,1,1,1,1,1,1,1,3,1,2,2,2,4,2,2,2,2,2,2,2,1,2,2,3,2,2,2,1,2,3,3,3,3,3,3,3,3,3,3,3,3,3,3,3,3,3,3,3,3,4,4,4,4,4,4,4,6,3,3,4,4,4,4,4,4,4,2,4,4,5,5,5,5,5,5,5,5,5,5,6,5,5,5,5,5,5,5,5,5
162,2,3,1,1,2,1,1,1,1,1,1,1,1,1,1,1,1,1,1,2,2,2,2,2,2,2,2,3,2,2,2,2,2,2,2,2,2,2,2,2,3,3,3,3,3,3,3,3,3,3,3,3,3,3,3,3,3,3,3,4,4,4,4,4,4,4,4,4,4,4,4,4,4,4,3,4,4,4,4,5,5,5,4,5,5,5,5,5,5,5,5,6,5,5,5,5,5,5,5
163,1,1,1,1,1,1,1,1,1,1,1,1,1,1,1,1,1,1,1,2,2,2,2,1,2,2,2,2,2,2,2,2,2,2,2,2,2,2,2,3,3,3,3,3,3,3,3,3,3,3,3,3,3,3,5,3,3,3,3,4,4,4,4,4,4,4,4,4,4,4,4,4,4,4,3,4,4,4,2,5,5,5,5,5,5,5,5,5,5,5,5,5,5,5,5,5,5,5,5
164,1,1,1,1,1,1,2,1,1,1,1,1,3,3,1,1,1,1,1,2,2,2,4,4,2,2,2,2,2,2,2,2,2,2,2,2,2,2,2,3,3,3,3,3,3,3,3,3,3,3,3,3,3,3,3,3,3,3,3,2,1,4,4,4,4,4,2,4,4,4,4,3,4,4,4,4,4,4,4,5,5,5,5,5,5,5,5,4,5,5,5,5,6,5,5,5,5,5,5
165,1,1,1,1,1,1,1,1,1,1,1,1,1,1,1,1,1,1,1,1,2,2,2,2,2,2,2,2,2,2,2,2,2,2,2,2,2,2,2,3,3,3,3,3,3,2,3,3,3,3,4,3,3,3,4,3,3,3,3,4,4,4,4,4,5,4,4,4,4,4,4,3,4,4,4,4,4,4,4,5,5,5,5,5,5,5,5,5,5,5,5,7,5,5,5,5,5,5,5
166,1,1,1,1,1,1,1,1,1,1,1,1,1,1,1,1,1,1,1,2,2,2,2,2,2,2,2,2,2,2,2,2,2,2,2,2,2,2,2,3,3,3,3,3,3,3,3,3,3,3,3,3,3,3,3,3,3,3,3,4,4,4,4,4,4,4,4,4,4,4,4,4,4,4,4,4,4,4,4,5,5,5,7,5,5,5,5,4,5,5,5,5,5,6,5,5,7,5,5
167,2,1,1,1,1,1,3,1,1,1,1,1,1,1,1,1,1,1,1,2,2,2,2,2,2,2,2,2,2,2,2,2,2,2,2,2,2,2,2,3,3,3,3,3,3,3,3,3,3,5,3,3,1,3,3,3,3,3,3,4,4,4,4,4,4,4,6,4,4,4,4,4,4,3,4,4,6,2,4,5,5,5,5,5,5,5,5,5,5,5,5,5,5,5,5,5,5,5,5
168,1,1,1,1,1,1,1,1,1,1,1,1,1,2,1,1,1,1,1,2,2,2,2,2,2,2,2,2,1,2,2,2,2,2,2,2,4,2,2,3,3,3,4,3,3,3,3,3,3,3,3,3,3,3,3,3,3,3,3,4,4,4,4,4,4,4,4,4,4,4,4,6,4,4,4,4,4,4,4,5,5,5,5,5,5,5,5,5,5,5,5,5,5,5,5,5,5,5,5
169,1,1,1,1,2,1,1,1,1,1,1,1,1,1,1,1,2,1,1,2,2,2,2,2,2,2,2,2,2,2,3,2,2,2,1,2,2,2,2,3,3,3,3,3,3,3,3,5,3,3,3,3,3,3,3,3,3,3,3,4,4,3,4,4,4,4,4,6,4,4,4,4,4,4,3,4,4,4,4,5,5,4,5,5,5,5,5,5,5,5,5,5,5,5,5,5,5,5,5
170,1,1,1,1,1,1,1,1,1,1,1,1,1,1,1,1,1,1,1,2,2,2,1,2,2,2,2,2,2,2,2,2,2,2,2,2,2,2,4,3,3,5,5,3,3,3,3,3,3,3,3,3,3,3,3,3,3,3,3,5,4,4,4,4,4,4,4,4,4,4,4,4,2,4,4,4,4,4,4,5,5,5,5,5,5,5,5,5,5,5,5,5,5,5,5,5,5,5,5
171,1,1,1,1,2,3,1,1,1,1,1,1,1,1,1,1,2,1,1,2,2,2,2,2,2,2,2,2,2,2,2,2,2,2,2,2,2,2,2,3,3,3,3,3,3,5,3,3,3,3,3,3,3,3,3,3,3,3,3,4,4,4,4,4,4,4,4,4,4,4,4,4,2,4,4,4,4,4,2,5,5,5,5,5,3,5,5,5,5,5,5,5,5,5,3,5,5,5,5
172,1,1,1,1,1,1,1,1,1,1,1,1,1,1,1,1,1,1,1,2,2,2,2,2,2,2,2,2,4,2,2,2,2,2,2,2,2,2,2,3,3,3,3,3,3,3,3,3,3,3,3,3,3,3,3,3,3,4,3,1,4,4,4,4,5,4,2,4,6,4,4,6,4,4,4,4,5,4,4,5,5,5,3,5,5,5,5,5,5,5,5,5,5,5,5,5,5,5,5
173,1,1,1,1,1,1,1,1,1,1,2,1,1,1,1,1,1,1,1,2,2,2,2,2,2,3,2,2,2,2,2,2,2,2,3,3,2,1,2,3,3,3,3,3,3,3,3,3,3,3,3,3,3,3,3,3,3,3,3,4,4,4,4,4,4,4,4,4,4,4,4,4,4,4,4,4,4,4,4,5,5,5,5,5,5,5,5,5,5,4,5,5,5,5,5,5,5,5,5
174,1,1,1,1,1,1,3,1,1,1,3,1,2,1,1,1,1,1,1,2,2,2,2,2,2,2,2,2,2,2,2,2,2,2,2,2,2,2,2,3,3,3,3,3,3,3,3,3,3,3,3,3,3,3,3,3,3,3,3,4,3,4,4,4,4,4,4,4,4,4,4,4,4,4,4,4,4,4,4,5,5,5,5,5,5,5,5,5,5,5,5,5,5,3,5,5,5,5,5
175,1,1,1,1,1,1,1,1,1,1,1,1,1,1,1,1,1,1,1,2,1,2,2,1,2,2,2,1,2,2,2,2,2,2,2,2,2,2,2,2,3,3,3,3,3,3,3,3,3,2,3,3,3,3,3,3,3,3,3,4,4,4,4,4,4,4,4,4,4,4,4,4,4,4,4,4,4,4,4,6,5,5,5,5,5,5,5,5,5,5,5,5,5,5,5,5,5,5,5
176,1,2,1,1,1,1,1,1,1,1,1,1,1,1,1,1,3,1,1,2,2,2,2,2,2,2,2,2,2,2,2,2,2,2,2,2,2,2,2,3,4,5,3,2,3,3,4,3,3,3,3,3,3,5,3,4,3,3,3,4,4,4,4,4,4,4,4,4,4,4,4,4,4,5,4,3,4,4,4,2,5,5,5,4,5,5,5,5,5,5,7,5,5,5,5,5,5,5,5
177,1,1,1,1,1,1,1,1,1,1,1,1,1,1,1,1,1,1,1,2,2,2,2,2,2,2,2,2,2,2,2,2,2,2,2,1,2,2,2,3,3,3,3,3,3,3,3,3,3,3,3,3,3,3,3,3,3,3,3,4,4,4,4,4,4,4,4,4,4,4,4,4,4,4,6,4,4,4,4,5,5,5,5,5,5,5,5,5,5,5,5,5,7,5,5,5,5,5,5
178,1,1,1,1,1,1,1,1,1,1,1,1,1,1,1,1,2,1,1,2,2,2,4,2,2,2,2,2,2,2,2,2,2,2,2,2,2,2,1,3,3,3,3,3,3,5,3,3,3,3,3,3,3,3,3,3,3,3,3,4,4,3,4,4,4,4,4,4,4,4,4,4,4,4,4,4,4,5,4,5,5,5,5,5,5,5,5,5,5,5,5,5,5,5,4,5,5,5,5
179,1,1,1,1,1,1,1,1,1,1,1,1,1,1,1,1,1,1,1,2,2,2,1,2,2,2,2,2,2,2,2,2,2,2,2,2,2,2,2,3,3,3,1,3,3,3,2,3,3,3,1,3,3,3,3,3,3,3,3,4,4,4,4,4,4,4,4,4,4,4,4,4,4,4,4,4,4,4,4,5,5,5,5,5,5,5,3,5,6,5,5,5,5,5,5,6,5,5,5
180,1,1,1,1,3,1,1,1,1,1,1,1,1,1,2,1,1,1,1,2,3,2,2,2,2,2,2,2,2,2,2,2,2,2,2,3,2,2,2,3,1,3,3,3,3,3,3,2,3,3,3,3,3,4,3,3,4,3,2,4,4,4,4,4,2,4,4,4,4,4,6,4,4,4,5,4,4,4,4,5,5,5,5,5,5,5,5,5,5,6,5,5,5,5,5,5,5,5,5
181,1,1,1,1,1,1,1,1,1,1,1,1,1,1,1,1,1,1,3,2,1,2,2,2,2,2,2,2,2,2,2,2,2,2,2,2,2,2,2,2,3,3,3,3,3,3,4,3,3,3,3,3,5,3,3,3,3,5,3,4,4,4,4,4,4,4,4,4,4,4,4,4,4,4,4,5,4,4,4,5,5,5,6,5,5,5,5,5,5,5,5,5,5,5,6,5,5,5,5
182,1,1,1,1,1,1,1,1,1,2,1,1,1,1,1,1,1,1,1,2,3,2,2,1,2,2,2,2,2,2,2,2,2,2,2,2,2,2,2,3,3,3,3,5,3,5,3,3,3,3,3,3,3,3,3,3,3,3,3,4,4,4,4,4,5,4,4,4,4,6,4,4,4,4,4,4,6,4,4,5,5,5,5,5,5,5,5,5,5,5,5,5,5,5,5,5,5,5,5
183,1,1,1,1,1,1,1,1,1,1,1,3,1,1,1,1,1,1,1,2,2,1,2,2,2,2,1,2,2,3,2,2,3,2,2,2,2,2,2,3,3,3,3,3,3,3,3,3,3,3,3,1,3,3,3,4,3,3,3,4,4,4,4,4,4,4,4,4,4,4,4,4,3,4,4,4,4,4,4,5,5,5,5,5,5,5,5,5,5,5,5,6,5,5,5,5,5,5,5
184,1,1,1,1,1,1,1,1,1,1,1,1,1,1,1,1,1,1,1,2,2,2,2,2,2,2,2,2,2,2,2,2,2,2,2,2,2,2,2,3,3,3,3,3,3,3,3,3,3,3,3,3,3,3,3,3,3,3,3,4,4,4,4,4,4,4,4,4,5,4,4,5,4,4,4,4,4,4,4,5,5,5,5,5,5,5,5,5,5,5,5,5,5,5,5,6,5,5,5
185,1,1,2,1,1,1,1,1,1,1,1,1,1,1,1,1,1,1,1,2,2,2,2,2,2,2,2,2,2,2,2,2,2,2,2,2,2,2,2,3,3,3,3,3,3,3,3,3,3,3,3,3,3,3,3,3,3,3,3,4,1,4,4,4,4,4,4,4,4,4,4,4,4,4,4,4,4,4,4,5,5,5,5,5,5,5,5,5,5,5,5,5,5,5,5,5,5,5,5
186,1,3,1,1,1,1,1,1,3,1,1,1,1,1,1,1,1,3,1,1,2,2,2,2,2,2,2,2,2,2,2,2,2,2,2,2,2,3,2,3,3,3,3,3,3,3,3,3,3,3,3,3,3,3,3,1,3,3,3,4,4,4,4,4,4,4,4,4,4,4,4,4,4,4,4,4,4,5,4,5,3,5,4,5,5,5,5,6,5,5,5,5,5,5,5,3,5,5,3
187,1,1,1,1,2,1,1,1,1,1,1,1,1,1,1,1,1,1,1,2,3,2,2,2,2,1,2,2,2,2,2,2,2,2,2,2,1,2,4,3,3,4,3,3,3,3,3,3,3,3,3,3,3,3,2,3,3,5,3,4,4,6,4,4,4,4,4,4,4,4,4,4,4,4,4,5,4,4,4,5,5,5,5,5,5,5,5,5,5,5,5,5,5,5,5,5,5,3,5
188,1,1,1,1,1,1,1,1,1,1,1,1,1,1,1,1,1,1,1,2,2,2,2,2,2,2,2,2,2,2,4,2,2,2,2,2,2,2,2,3,3,3,3,3,3,3,3,3,2,3,3,3,3,2,3,3,3,3,1,4,4,4,4,4,4,4,4,4,4,4,4,4,4,4,4,4,4,4,4,5,5,5,5,5,5,5,5,5,5,5,5,5,5,5,5,5,5,5,5
189,2,1,1,1,1,1,1,1,1,1,1,1,1,1,1,1,1,1,1,2,2,2,2,2,2,2,2,2,2,2,3,2,2,2,2,2,2,2,2,3,3,3,3,3,3,3,3,3,3,3,3,3,3,3,3,3,3,5,3,4,4,4,4,4,4,4,4,4,5,6,4,2,4,4,4,4,5,2,4,5,5,4,5,5,3,5,6,5,5,5,5,5,5,5,5,5,5,5,5
190,1,1,1,1,1,1,1,1,1,1,1,1,1,1,1,1,1,1,3,2,2,2,2,4,2,2,2,2,2,2,2,2,2,2,2,2,4,2,2,3,3,3,4,3,3,1,3,3,3,3,3,3,3,3,4,3,3,3,3,4,4,4,4,4,4,4,4,4,4,6,4,4,4,4,4,4,4,4,4,5,5,5,5,5,7,5,5,5,5,5,5,5,5,5,5,5,5,5,5
191,1,1,1,1,1,1,1,1,1,3,1,1,1,1,1,1,1,1,1,2,2,2,2,2,2,2,2,2,2,2,2,2,2,2,2,2,1,2,2,3,3,3,3,3,3,3,3,3,3,1,3,3,3,3,3,3,3,3,3,4,4,3,4,4,4,4,4,4,4,4,4,4,4,4,4,4,4,4,4,5,5,4,5,5,5,5,5,5,5,5,5,5,7,5,5,5,5,5,5
192,1,1,2,1,1,1,1,3,1,1,1,1,1,1,1,1,2,1,1,2,2,2,2,2,2,2,2,2,2,2,2,2,2,2,2,2,2,2,2,3,3,3,3,5,3,3,3,3,3,3,3,3,3,1,3,3,3,3,3,4,4,4,4,6,4,4,4,4,4,4,4,4,4,4,4,4,5,4,4,5,5,5,5,5,5,5,5,5,5,7,5,5,5,5,5,5,5,5,5
193,1,1,1,1,1,1,1,1,1,1,1,1,1,1,1,1,1,1,1,3,2,2,2,2,2,2,2,2,2,2,2,2,2,2,2,2,2,2,2,3,3,3,3,3,3,3,3,3,3,3,3,3,3,3,3,3,3,3,1,4,4,4,4,4,4,4,4,4,4,4,6,4,4,4,4,4,4,4,4,5,5,5,5,5,5,5,5,5,5,5,5,5,5,5,5,4,4,5,5
194,1,1,1,1,1,1,1,1,1,1,1,1,1,1,1,1,1,1,1,2,2,2,2,2,2,2,4,2,3,2,2,2,1,2,2,2,3,2,2,4,3,4,3,3,3,3,3,3,3,3,3,3,3,3,3,3,3,3,1,4,4,4,4,4,4,4,4,4,4,4,4,3,4,4,4,4,4,4,4,5,5,5,5,5,5,5,5,5,5,5,5,5,5,5,5,5,5,5,5
195,1,1,1,1,1,1,1,1,3,1,1,1,3,1,1,1,1,1,1,2,2,3,2,2,2,2,2,2,2,2,2,2,2,2,2,2,3,2,2,3,3,3,3,3,3,3,3,3,3,3,3,3,3,3,3,3,3,3,3,4,4,4,4,4,4,4,4,4,4,4,4,4,4,4,4,2,4,4,6,5,5,5,5,6,5,5,5,5,5,5,5,5,5,5,5,5,5,5,5
196,1,1,1,1,1,1,1,1,1,1,1,1,1,1,1,1,1,1,1,2,2,2,2,2,2,2,2,2,2,2,2,2,4,2,3,2,2,2,2,3,3,3,3,3,3,3,3,3,3,3,3,3,3,3,3,3,1,3,3,4,4,4,4,4,4,4,4,4,4,4,4,4,4,4,4,4,4,4,4,5,5,5,5,5,5,5,5,5,4,5,7,5,5,5,5,5,5,5,5
197,1,1,1,1,1,1,3,2,1,1,1,1,1,1,1,1,1,1,1,2,2,2,2,2,2,2,2,2,2,2,2,2,2,2,2,2,2,2,2,3,3,3,3,3,2,3,3,3,3,3,3,3,3,3,3,4,3,3,3,4,4,4,4,4,2,4,4,4,4,4,4,4,4,4,4,4,4,4,4,3,5,5,5,5,5,7,5,5,5,5,5,5,5,5,5,5,5,5,5
198,1,1,1,1,1,1,1,1,1,3,1,3,1,1,1,1,1,3,1,2,2,2,2,2,2,2,2,2,2,2,2,2,2,2,2,2,2,2,2,4,3,3,3,3,3,3,3,3,3,3,3,3,3,3,1,3,3,3,3,2,4,4,4,4,4,4,4,4,4,4,4,4,4,4,4,5,4,4,4,5,5,5,5,5,5,6,5,5,5,5,5,5,5,5,5,5,5,5,5
199,2,1,1,1,1,1,1,1,3,1,1,1,1,1,1,1,1,1,1,2,2,2,2,2,2,2,2,2,2,2,2,2,2,2,2,2,2,2,2,3,3,3,3,3,3,3,3,3,3,3,3,3,3,3,3,3,3,3,3,4,4,4,4,4,4,4,4,4,4,4,4,4,4,4,4,4,4,4,4,5,5,5,3,5,5,5,5,5,5,5,5,5,5,5,5,5,5,5,5
