,0,1,2,3,4,5,6,7,8,9,10,11,12,13,14,15,16,17,18,19,20,21,22,23,24,25,26,27,28,29,30,31,32,33,34,35,36,37,38,39,40,41,42,43,44,45,46,47,48,49,50,51,52,53,54,55,56,57,58,59,60,61,62,63,64,65,66,67,68,69,70,71,72,73,74,75,76,77,78,79,80,81,82,83,84,85,86,87,88,89,90,91,92,93,94,95,96,97,98,99,100
0,0.0,1.0,1.0,0.99,0.99,1.21,1.0,1.0,1.0,5.0,1.0,2.0,2.0,1.99,2.0,2.15,2.0,2.0,6.0,2.0,2.23,3.0,3.0,3.0,3.0,3.0,3.0,9.0,2.98,3.0,2.98,4.31,4.0,4.0,4.0,4.0,4.0,4.0,3.98,4.18,4.0,4.97,5.0,5.0,5.0,5.0,5.0,5.0,5.0,4.62,4.61,5.97,5.52,6.0,6.0,6.0,6.0,6.0,6.0,6.0,6.0,7.0,6.96,7.0,7.0,7.0,7.0,7.0,1.0,6.96,7.0,8.0,8.0,8.0,1.0,8.0,8.0,7.96,7.96,7.96,8.0,4.0,6.44,9.0,7.37,9.0,9.0,9.0,8.95,9.0,8.95,10.0,9.06,9.22,2.0,9.01,8.09,10.0,10.0,10.0,10.0
1,1.0,1.0,1.0,1.0,1.0,1.0,9.0,1.0,1.0,1.0,1.0,2.0,2.0,2.0,2.0,2.0,2.15,2.0,2.0,2.0,2.0,2.98,3.0,3.13,2.98,3.0,2.98,3.0,2.98,3.0,2.98,4.22,4.0,4.0,4.0,3.98,4.0,4.0,3.98,4.0,4.09,5.0,2.0,5.0,5.0,4.97,5.0,4.97,5.05,5.0,5.0,6.0,5.39,5.97,6.0,6.0,6.0,5.42,4.58,6.0,6.02,7.0,6.96,7.0,6.96,7.0,7.0,5.97,7.0,7.0,7.0,7.33,7.96,8.0,3.0,8.0,8.0,8.0,8.0,8.0,7.96,8.28,9.0,8.95,7.86,9.0,9.0,9.0,9.0,9.0,9.0,10.0,10.0,10.0,10.0,2.0,10.0,10.0,10.0,9.95,10.0
2,2.0,10.0,1.0,1.0,1.0,5.0,1.59,1.0,7.0,1.0,1.0,1.99,2.0,1.99,2.0,2.17,2.0,2.0,2.0,2.0,2.0,3.0,7.0,3.14,3.0,3.0,3.0,3.0,3.0,3.0,3.0,7.0,3.65,4.0,3.98,3.98,4.0,4.0,3.97,4.19,4.1,5.0,8.0,5.06,4.97,5.0,4.97,5.0,9.0,5.0,5.0,5.96,5.3,6.0,5.43,5.97,6.0,6.0,4.85,6.0,6.03,7.0,7.0,7.0,6.96,7.0,2.0,7.0,6.31,7.0,6.99,7.21,8.0,7.96,8.0,8.0,8.0,8.0,8.0,8.0,8.0,7.47,9.0,9.0,9.0,8.95,2.0,9.0,9.0,9.0,9.0,10.0,8.89,10.0,7.71,8.83,7.76,10.0,9.95,10.0,10.0
3,3.0,1.0,1.08,1.0,0.99,1.0,1.0,0.99,1.0,6.0,0.99,1.99,1.99,1.99,2.0,2.17,2.0,2.0,2.0,2.0,10.0,3.0,3.0,3.0,2.98,3.0,2.98,3.0,3.0,3.0,3.0,4.23,4.0,4.0,4.0,4.0,4.09,1.0,4.0,4.0,4.0,5.0,5.0,5.0,5.0,4.97,5.0,4.97,5.0,5.0,4.56,5.96,6.0,5.96,5.34,6.0,6.0,6.0,6.0,9.0,6.0,7.0,7.0,7.0,6.96,6.96,7.0,4.0,6.21,7.0,6.99,7.22,8.0,8.0,8.0,7.96,7.96,8.0,8.0,7.95,8.0,9.0,2.0,8.94,6.91,8.95,9.0,8.08,9.0,8.38,8.94,10.0,10.0,10.0,10.0,10.0,10.0,10.0,10.0,10.0,10.0
4,4.0,1.3,1.09,1.0,0.99,1.0,1.64,1.0,1.0,1.0,1.0,2.0,2.0,2.0,1.99,2.0,2.0,2.17,2.17,2.0,2.0,2.98,3.0,3.0,3.0,2.98,3.0,3.0,2.98,2.98,3.0,4.0,4.0,4.0,3.98,3.97,4.0,3.33,4.0,7.0,4.0,4.97,5.0,5.0,5.0,4.96,5.0,4.96,5.05,5.0,5.0,5.95,5.16,6.0,5.24,5.96,6.0,6.0,6.0,6.02,6.0,6.96,6.95,7.0,7.0,7.0,7.0,5.81,6.08,7.0,6.99,8.0,7.95,8.0,6.13,8.0,8.0,8.0,8.0,8.0,8.0,9.0,9.0,9.0,7.39,9.0,5.0,9.0,8.94,5.0,9.0,10.0,10.0,10.0,7.32,10.0,3.0,10.0,10.0,10.0,10.0
5,5.0,1.0,1.0,1.0,1.0,1.0,1.47,1.0,1.43,1.0,0.99,2.0,2.0,2.0,1.99,2.17,2.0,2.0,2.0,6.0,2.0,2.98,3.0,3.0,2.98,3.0,2.98,3.0,2.98,2.98,3.0,4.23,4.0,4.0,3.98,4.08,4.0,1.0,4.0,4.0,4.0,4.97,4.67,5.0,5.0,5.0,5.0,4.96,5.0,5.0,5.0,6.0,5.14,5.96,5.13,5.96,6.01,5.34,6.0,6.02,9.0,6.37,6.94,7.0,7.0,7.0,7.0,5.63,7.0,6.96,10.0,8.0,8.0,7.95,8.0,8.0,8.0,8.0,7.96,8.0,8.0,9.0,9.0,9.0,9.0,9.0,9.0,9.0,9.0,9.0,9.0,10.0,8.89,10.0,10.0,10.0,10.0,10.0,10.0,10.0,10.0
6,6.0,1.0,1.0,0.99,0.99,1.0,1.0,1.0,5.0,1.44,1.0,2.0,2.0,1.99,2.0,5.0,2.0,2.0,2.18,2.17,2.0,2.98,3.27,3.14,2.98,3.0,3.0,3.0,3.0,3.0,3.0,4.0,1.0,4.0,4.0,3.97,4.0,4.0,4.0,4.19,4.19,4.97,5.0,5.0,5.0,5.0,5.0,4.95,5.0,5.0,4.5,6.0,6.0,5.95,5.0,6.0,6.0,6.0,6.0,6.0,6.0,7.0,7.0,7.0,7.0,6.96,1.0,2.0,5.94,7.0,7.0,7.59,8.0,8.0,8.0,8.0,8.0,7.96,8.0,8.0,8.0,9.0,1.0,9.0,6.57,9.0,7.55,9.0,9.0,9.0,9.0,10.0,10.0,10.0,10.0,10.0,10.0,10.0,10.0,10.0,10.0
7,7.0,7.0,1.0,1.0,1.0,1.0,1.0,1.0,1.0,1.0,1.0,2.0,2.0,1.99,2.0,2.0,2.0,2.0,2.0,2.0,2.39,2.98,3.0,3.0,3.0,3.0,2.98,3.0,3.0,3.0,3.0,4.0,4.0,4.04,4.0,4.0,3.98,3.24,3.97,4.0,4.0,4.96,5.06,5.06,5.0,5.0,4.97,4.95,5.0,2.0,5.0,6.0,5.0,5.94,4.86,6.0,5.97,6.0,4.88,6.02,6.02,6.86,7.0,7.0,7.0,6.95,5.72,7.0,5.78,7.0,6.99,8.0,8.0,7.94,8.0,8.0,8.0,7.94,8.0,8.0,8.0,9.0,6.44,9.0,9.0,9.0,9.0,9.0,9.0,9.0,8.94,4.0,10.0,5.0,4.0,10.0,7.71,10.0,10.0,10.0,10.0
8,8.0,1.0,1.0,1.0,0.99,1.0,1.46,1.0,1.0,1.0,0.99,2.0,2.17,2.0,1.99,2.0,2.17,6.0,2.0,2.0,2.0,2.97,3.29,3.0,3.0,3.0,3.0,3.09,2.97,3.0,3.0,4.15,4.0,4.04,3.97,4.0,4.0,4.0,4.0,9.0,4.0,5.0,5.0,5.0,5.0,5.0,4.97,5.0,4.98,5.0,4.43,5.96,6.0,6.0,6.0,6.0,6.0,6.0,6.0,6.0,6.0,7.0,6.93,6.96,7.0,6.94,7.0,7.0,6.35,7.0,7.0,3.0,8.0,7.94,5.0,7.52,8.0,8.0,8.0,8.0,8.0,9.0,9.0,9.0,9.0,9.0,9.0,1.0,9.0,8.27,9.0,9.13,8.86,9.23,8.21,10.0,10.0,10.0,10.0,9.45,10.0
9,9.0,1.0,1.0,1.0,0.99,1.0,7.0,0.99,1.0,1.26,0.99,2.0,2.0,2.0,2.0,2.17,2.18,2.0,2.0,2.0,2.0,3.0,8.0,7.0,2.97,3.0,2.97,3.0,3.0,2.98,3.0,4.0,4.0,3.98,4.0,4.0,7.0,4.0,4.08,4.0,4.0,5.0,5.0,5.0,5.0,5.0,5.0,5.0,5.0,5.0,9.0,6.0,4.94,6.0,6.0,5.96,6.0,6.0,6.0,6.0,6.03,2.0,6.93,6.96,7.0,6.94,7.0,7.0,7.0,7.0,7.0,8.0,8.0,8.0,8.0,8.0,4.0,8.0,8.0,8.0,7.95,9.0,6.86,8.95,9.0,9.0,9.0,7.26,9.0,9.0,9.0,10.0,3.0,10.0,7.9,10.0,10.0,10.0,10.0,10.0,10.0
10,10.0,1.0,1.0,1.0,0.99,1.0,6.0,0.99,1.0,1.28,1.0,2.0,2.0,2.0,1.99,2.0,2.0,2.0,2.02,2.0,2.0,3.0,3.16,3.0,2.97,3.0,2.97,3.0,2.98,3.0,3.0,4.0,4.0,4.04,4.0,4.0,4.09,4.0,4.0,4.0,8.0,5.0,5.0,5.0,5.0,5.0,5.0,4.94,5.0,4.7,5.0,5.95,6.0,5.94,6.0,6.0,5.97,6.0,3.0,6.03,6.0,6.25,7.0,7.0,7.0,7.0,7.0,7.0,6.35,6.96,7.0,8.0,7.94,7.93,8.0,8.0,8.0,8.0,8.0,8.0,8.0,8.95,2.0,9.0,9.0,9.0,9.0,9.0,9.0,8.27,9.0,8.98,8.86,10.0,10.0,10.0,1.0,10.0,10.0,10.0,9.14
11,11.0,1.24,10.0,0.99,1.0,0.99,1.26,1.0,1.25,1.0,0.99,2.0,2.0,2.0,1.99,2.18,2.0,2.0,2.0,2.0,2.42,3.0,3.0,3.0,2.97,3.0,3.0,3.0,3.0,3.0,2.99,4.0,4.0,4.0,3.97,4.0,4.0,4.0,4.09,4.0,4.0,5.0,4.71,5.06,5.0,4.96,5.0,5.0,5.0,5.0,4.4,5.95,5.07,6.0,4.78,6.0,6.0,6.0,1.0,6.0,6.0,7.0,6.93,7.0,6.96,7.0,7.0,7.0,7.0,6.95,7.0,8.0,7.94,7.93,6.48,8.0,8.0,8.0,8.0,8.0,7.96,9.0,6.86,9.0,2.0,9.0,9.0,9.0,8.94,9.0,9.0,8.8,10.0,10.0,7.9,10.0,10.0,10.0,10.0,10.0,8.98
12,12.0,1.0,1.0,1.0,1.41,1.21,1.0,0.99,1.0,1.08,1.0,2.0,2.0,2.0,2.0,2.0,8.0,2.0,2.01,2.0,2.0,3.0,7.0,3.0,3.0,3.0,2.98,3.0,3.0,3.0,8.0,4.11,3.66,4.04,4.0,8.0,4.0,4.0,4.09,4.0,4.0,5.0,5.0,5.0,5.0,5.0,5.0,5.0,5.0,5.0,5.0,6.0,5.21,6.0,4.99,6.0,10.0,6.0,6.0,6.0,6.03,6.28,7.0,6.95,7.0,7.0,7.0,7.0,7.0,7.0,7.0,8.0,8.0,8.0,8.0,8.0,8.0,7.94,7.95,7.96,8.0,9.0,6.34,9.0,9.0,8.96,9.0,2.0,9.0,9.0,9.0,10.0,10.0,10.0,7.62,7.0,10.0,9.95,10.0,9.36,8.8
13,13.0,1.0,1.0,1.0,1.0,1.0,1.0,1.0,1.05,1.0,1.0,2.0,2.0,2.0,1.98,2.0,2.0,2.0,2.0,2.17,2.0,2.98,3.0,3.0,3.0,3.0,2.98,3.0,2.97,3.0,2.98,4.0,4.0,10.0,4.0,4.0,4.0,3.47,4.15,9.0,4.09,5.0,5.0,8.0,5.0,4.96,5.0,5.0,5.0,5.0,1.0,6.0,6.0,6.0,4.85,6.0,6.0,1.0,2.0,5.59,6.0,7.0,6.92,7.0,7.0,7.0,7.0,7.0,7.0,7.0,7.0,8.0,7.93,8.0,6.24,7.45,8.0,7.95,8.0,7.96,8.0,9.0,9.0,8.2,9.0,9.0,9.0,9.0,9.0,9.0,9.0,10.0,10.0,9.09,10.0,10.0,10.0,9.95,9.95,9.73,8.8
14,14.0,1.24,1.08,1.0,1.0,1.23,1.0,1.22,1.0,1.0,0.99,2.12,2.0,2.0,2.0,2.0,2.17,2.0,2.0,2.0,8.0,3.0,3.13,3.0,2.98,3.0,3.0,3.0,2.98,3.0,3.0,7.0,4.0,4.0,4.0,4.0,3.98,3.26,4.0,4.0,4.0,5.0,5.0,5.0,5.0,5.0,4.98,5.0,5.0,5.0,4.32,6.0,6.0,5.95,1.0,6.0,6.0,6.0,6.0,6.0,6.0,7.0,6.93,6.97,7.0,6.97,7.0,7.0,6.74,7.0,7.0,8.0,7.94,8.0,8.0,8.0,8.0,8.0,8.0,8.0,8.0,4.0,9.0,8.06,9.0,9.0,9.0,9.0,8.94,8.96,9.0,10.0,10.0,10.0,10.0,10.0,10.0,10.0,9.06,9.3,10.0
15,15.0,1.0,1.0,1.41,1.0,1.01,1.0,1.0,1.0,1.0,0.99,2.0,2.0,2.0,2.0,2.0,2.0,2.0,1.99,2.0,5.0,3.0,3.0,3.0,2.98,3.0,3.0,3.13,3.0,2.98,3.0,4.22,4.0,4.0,4.0,4.0,4.0,4.0,4.0,4.17,4.0,5.0,10.0,5.06,4.98,4.96,5.0,5.0,5.0,4.78,4.28,6.0,1.0,5.95,4.65,6.0,5.53,6.0,6.0,6.0,6.03,7.0,6.92,7.0,6.37,7.0,6.27,7.0,7.0,7.0,6.99,8.0,7.93,8.0,6.72,7.79,7.96,7.93,8.0,7.95,8.0,9.0,9.0,9.0,3.0,9.0,9.0,9.0,9.0,9.0,9.0,8.77,10.0,10.0,7.0,10.0,10.0,10.0,10.0,10.0,8.53
16,16.0,1.1,1.0,1.0,1.0,1.0,1.0,1.21,1.0,1.0,1.0,2.12,2.17,1.99,1.99,2.17,2.0,7.0,1.99,2.0,2.0,3.0,3.0,3.0,3.0,3.0,8.0,8.0,3.0,3.0,2.98,4.0,4.0,4.0,4.0,3.76,3.98,4.0,9.0,4.08,4.0,5.0,4.75,5.0,5.0,5.0,9.0,1.0,4.54,5.0,4.35,6.0,5.52,6.0,6.0,6.0,6.0,5.43,5.5,6.0,2.0,10.0,7.0,6.58,7.0,6.96,7.0,7.0,7.0,1.0,7.0,7.42,8.0,8.0,6.72,8.0,8.0,8.0,8.0,8.0,7.96,9.0,9.0,9.0,9.0,8.49,1.0,9.0,9.0,9.0,8.95,6.0,10.0,10.0,10.0,9.95,10.0,10.0,10.0,10.0,1.0
17,17.0,1.02,1.0,1.45,1.45,1.0,1.41,1.0,1.0,1.0,1.0,2.0,6.0,1.99,2.0,2.0,2.17,2.0,1.99,2.0,2.0,3.0,3.29,2.99,2.98,3.0,2.98,8.0,3.0,3.09,3.12,4.22,4.0,4.0,4.0,4.2,4.0,3.82,4.16,4.0,9.0,1.0,5.0,5.06,5.0,5.0,5.0,5.0,4.54,8.0,4.26,6.01,6.0,6.0,4.93,6.0,5.46,6.0,6.0,5.18,6.0,7.0,7.0,7.0,5.77,7.0,7.0,6.31,7.0,7.0,7.0,8.0,7.92,7.95,7.24,8.0,8.0,8.0,7.96,8.0,7.95,9.0,5.0,9.0,5.0,9.0,8.96,8.13,8.93,9.0,8.96,9.33,10.0,10.0,10.0,10.0,10.0,10.0,10.0,7.0,10.0
18,18.0,1.02,1.0,1.3,1.0,7.0,1.31,1.0,1.0,1.0,1.0,2.13,2.0,8.0,2.0,2.0,8.0,2.0,2.0,2.0,2.0,3.0,3.0,3.0,2.98,3.0,3.0,9.0,3.0,6.0,3.0,4.21,4.0,4.0,3.98,3.67,4.0,8.0,4.0,4.0,4.18,9.0,5.0,4.55,5.0,5.0,5.0,5.0,5.0,5.0,4.68,6.0,6.0,6.0,5.24,5.97,6.0,6.0,5.5,6.0,6.0,7.0,7.0,6.56,7.0,7.0,7.0,7.0,7.0,7.0,6.37,8.0,5.0,7.95,8.0,8.0,8.0,8.0,8.0,8.0,8.0,8.28,9.0,8.03,7.62,9.0,9.0,9.0,9.0,9.0,9.0,10.0,10.0,9.22,10.0,9.95,10.0,2.0,10.0,9.33,7.94
19,19.0,5.0,1.0,1.0,1.0,1.0,1.0,9.0,1.18,0.99,1.0,2.0,2.0,2.12,2.15,2.15,2.02,2.0,6.0,9.0,2.5,3.0,3.0,3.0,3.0,3.33,3.0,3.0,3.0,3.1,3.0,4.0,4.0,4.0,4.07,1.0,4.0,4.0,4.14,3.99,4.0,9.0,5.0,5.0,5.0,5.0,5.0,5.0,5.0,4.89,5.0,6.02,5.54,10.0,6.0,6.0,6.0,6.02,6.0,5.17,6.0,7.0,7.0,7.0,7.0,6.56,7.0,7.0,7.0,7.0,7.0,8.0,8.0,7.96,8.0,8.0,8.0,7.24,8.0,8.0,8.0,9.0,3.0,9.0,8.19,5.0,9.0,9.0,8.37,9.0,9.0,10.0,10.0,7.0,9.46,9.23,10.0,10.0,10.0,10.0,8.88
20,20.0,1.02,1.23,1.0,1.0,1.0,1.0,1.0,1.0,1.0,1.0,2.0,2.0,2.15,2.15,2.0,2.0,1.99,2.0,2.0,2.0,3.13,3.0,3.0,2.98,3.19,3.0,3.0,2.98,3.0,3.0,4.0,3.98,4.04,4.0,4.0,4.0,3.81,4.0,4.07,4.0,8.0,2.0,5.06,5.06,4.97,5.0,5.06,5.0,9.0,5.0,5.01,10.0,5.96,6.0,6.06,6.0,5.43,5.5,6.0,6.0,6.96,6.94,7.0,7.0,7.0,6.46,6.21,6.92,7.0,6.38,4.0,8.0,8.0,1.0,5.0,7.96,8.0,8.0,8.0,7.95,8.15,9.0,3.0,9.0,8.49,8.95,9.0,8.93,8.95,9.0,10.0,10.0,10.0,9.95,9.94,10.0,9.45,10.0,10.0,10.0
21,21.0,1.0,1.0,1.45,8.0,0.99,1.0,1.67,1.0,1.0,1.0,2.0,2.0,2.0,2.0,2.0,2.0,2.0,2.0,2.0,2.0,3.0,7.0,3.0,2.98,3.4,3.0,3.34,3.0,3.0,3.0,4.0,4.0,4.0,4.0,4.0,4.0,4.0,4.0,4.0,4.18,5.1,5.0,5.0,5.0,5.0,5.0,5.0,4.97,5.0,4.58,6.0,9.0,6.0,6.0,6.0,5.42,5.88,5.89,3.0,6.0,7.0,7.0,7.0,7.0,6.96,6.37,7.0,7.0,7.0,2.0,7.41,8.0,8.0,8.0,8.0,8.0,7.95,8.0,7.96,8.0,9.0,8.08,7.37,9.0,6.0,9.0,9.0,9.0,8.94,8.13,10.0,10.0,5.0,9.94,9.21,10.0,9.36,10.0,8.84,9.13
22,22.0,1.1,1.01,1.63,1.5,1.0,1.0,6.0,1.0,1.0,1.0,2.0,1.99,2.0,2.0,5.0,2.0,2.0,2.0,2.0,7.0,2.99,3.0,3.0,2.98,3.27,3.0,3.16,2.98,3.12,3.0,7.0,4.0,4.0,4.0,4.0,4.0,4.0,4.0,4.0,4.0,10.0,5.0,5.0,5.06,5.0,5.0,5.0,5.0,9.0,4.72,5.41,6.06,5.95,6.0,9.0,5.48,5.86,6.0,9.0,6.0,7.0,6.29,7.0,2.0,7.0,7.0,7.0,7.0,7.0,7.0,7.42,8.0,7.96,6.99,8.0,8.0,7.94,8.0,7.96,7.95,8.13,9.0,9.0,9.0,9.0,8.94,9.0,7.89,9.0,2.0,10.0,10.0,9.94,9.94,10.0,10.0,10.0,10.0,10.0,10.0
23,23.0,1.0,0.99,1.0,6.0,1.49,8.0,1.0,1.0,1.0,1.0,2.29,2.0,2.0,2.0,2.0,2.15,2.0,2.0,2.15,2.0,3.0,3.0,3.0,3.13,7.0,2.98,3.16,2.98,9.0,2.98,4.0,3.98,3.98,4.0,3.76,4.0,3.98,4.0,4.0,4.1,5.02,5.0,1.0,5.0,2.0,4.97,5.0,9.0,4.69,5.0,6.0,6.0,6.0,6.0,6.0,5.88,6.0,6.0,6.0,6.0,6.96,7.0,7.0,6.45,6.95,7.0,7.0,6.55,6.45,7.0,8.0,3.0,8.0,8.0,7.19,7.95,7.94,8.0,8.0,7.19,9.0,8.11,9.0,9.0,9.0,9.0,8.19,8.49,9.0,7.93,10.0,10.0,10.0,5.0,8.17,10.0,9.82,10.0,10.0,10.0
24,24.0,1.0,1.0,6.0,1.0,1.0,1.0,1.46,1.0,0.99,1.0,2.0,2.17,2.17,2.0,2.17,2.0,2.06,2.0,2.0,2.0,3.0,3.29,3.0,2.98,3.0,3.0,9.0,3.0,3.0,3.0,4.0,4.0,4.0,4.07,4.1,4.0,3.93,4.0,4.0,4.0,5.0,5.0,5.0,5.0,5.0,4.62,5.06,4.47,9.0,5.0,5.88,9.0,6.0,6.0,6.0,5.33,5.86,6.0,2.0,6.0,7.0,7.0,4.0,6.27,6.95,7.0,7.0,6.95,7.0,7.0,7.32,8.0,8.0,7.07,8.0,8.0,8.0,8.0,8.0,8.0,8.8,8.21,9.0,9.0,8.4,8.94,9.0,9.0,8.93,9.0,10.0,10.0,10.0,10.0,10.0,9.94,9.73,8.18,8.64,10.0
25,25.0,1.08,1.0,1.0,1.0,1.0,1.08,1.0,1.0,1.0,0.99,2.0,2.0,2.0,2.0,2.18,1.99,2.0,1.99,2.0,2.0,3.0,3.35,3.12,3.0,3.0,3.0,3.3,3.09,3.0,2.98,4.08,3.98,3.98,4.0,4.0,3.65,4.0,7.0,4.0,4.0,5.0,8.0,5.0,5.0,5.0,5.0,5.06,5.0,4.82,4.38,6.0,5.54,5.96,6.0,6.0,6.0,5.93,6.0,6.0,6.0,7.0,7.0,7.0,7.0,7.0,7.0,6.31,6.55,7.0,7.0,8.0,8.0,8.0,8.0,6.73,7.95,8.0,8.0,8.0,7.95,9.0,9.0,9.0,8.19,9.0,9.0,9.0,9.0,9.0,9.0,10.0,10.0,10.0,9.45,9.8,9.93,10.0,10.0,10.0,4.0
26,26.0,1.0,1.14,1.0,1.65,1.0,1.0,1.39,1.0,1.0,1.22,4.0,2.0,2.0,2.0,2.02,2.0,2.0,2.0,2.0,2.0,3.0,3.0,3.0,3.0,10.0,3.0,3.0,2.99,3.23,3.0,4.0,3.97,4.0,3.98,4.0,3.61,4.0,4.0,4.0,4.0,5.0,4.75,5.0,4.97,4.97,5.0,8.0,5.0,4.74,4.83,6.0,6.0,5.96,5.97,6.01,6.0,6.0,5.41,6.0,6.0,7.0,7.0,7.0,7.0,7.0,3.0,7.0,6.87,7.0,6.28,8.0,8.0,8.0,8.0,6.56,8.0,7.95,8.0,8.0,8.0,8.77,9.0,7.1,9.0,8.29,9.0,8.81,9.0,9.0,9.0,9.94,10.0,10.0,10.0,10.0,10.0,10.0,10.0,10.0,8.98
27,27.0,1.0,1.0,8.0,1.0,1.0,1.0,1.37,1.0,1.0,1.24,2.0,2.0,2.0,2.0,2.0,2.0,2.0,2.0,2.0,2.0,3.13,3.41,3.0,3.0,3.0,2.98,3.0,3.0,3.0,3.0,4.0,4.0,3.97,4.0,4.0,4.0,4.0,10.0,4.03,4.09,5.0,5.02,5.0,5.05,5.0,5.0,5.0,5.0,4.2,5.0,9.0,6.0,5.99,6.0,10.0,2.0,5.93,6.0,6.0,6.0,7.0,7.0,7.0,7.0,6.95,7.0,5.79,7.0,6.45,6.85,8.0,8.0,8.0,7.8,8.0,8.0,7.94,8.0,8.0,6.75,9.0,9.0,9.0,9.0,9.0,9.0,7.69,8.95,9.0,9.0,10.0,9.94,10.0,10.0,9.9,10.0,10.0,7.86,9.08,10.0
28,28.0,1.0,1.0,1.85,1.0,1.0,1.0,1.0,1.22,1.0,1.26,2.0,2.0,2.01,2.0,2.0,2.0,2.0,1.99,2.0,2.17,3.0,3.0,3.0,3.0,3.0,3.0,3.0,3.0,3.0,3.12,4.0,4.0,4.0,4.0,4.0,4.0,3.94,4.0,4.0,8.0,5.0,4.67,5.0,5.05,5.0,4.56,5.06,4.9,5.0,5.0,5.46,6.0,6.0,6.0,6.01,5.45,6.0,6.0,6.0,6.0,6.45,7.0,7.0,7.0,7.0,7.0,7.0,7.0,7.0,7.0,8.0,8.0,8.0,7.01,6.76,8.0,8.0,8.0,7.95,8.0,8.87,8.13,7.82,9.0,9.0,9.0,8.23,9.0,9.0,9.0,10.0,10.0,10.0,10.0,10.0,9.92,10.0,3.0,10.0,10.0
29,29.0,1.0,10.0,1.0,1.51,8.0,1.0,1.0,8.0,1.44,1.0,2.15,2.0,2.0,2.0,2.0,2.0,2.0,2.0,2.0,1.99,3.0,3.0,3.0,3.0,7.0,3.0,3.0,2.98,3.0,2.98,4.0,4.0,4.0,3.76,4.0,4.0,4.0,10.0,4.0,4.0,5.0,5.0,5.0,5.0,5.0,5.0,2.0,5.0,5.0,5.0,4.95,6.07,6.0,5.58,6.0,6.01,6.0,6.0,6.0,6.0,7.0,7.0,7.0,6.04,7.0,6.95,7.0,6.95,5.8,7.0,7.95,8.0,8.0,4.0,8.0,7.95,8.0,8.0,7.31,2.0,1.0,9.0,9.0,9.0,9.0,9.0,9.0,9.0,8.94,6.74,10.0,7.6,9.93,10.0,4.0,10.0,10.0,10.0,10.0,10.0
30,30.0,1.0,9.0,1.0,1.0,1.0,1.18,1.0,1.0,1.22,1.0,2.15,2.0,1.99,2.15,2.0,2.0,2.0,2.0,1.99,2.0,3.09,3.23,6.0,3.13,3.0,3.0,3.0,3.0,3.0,3.0,4.0,4.0,4.0,3.74,3.76,3.27,4.0,4.0,4.0,4.0,5.0,4.92,5.0,5.0,5.0,4.55,5.0,5.0,4.25,5.0,1.0,6.07,6.0,6.0,6.0,5.93,6.0,5.11,5.96,6.0,6.9,6.33,5.72,6.45,7.0,7.0,7.0,7.0,7.0,6.95,7.95,8.0,8.0,8.0,8.0,8.0,8.0,8.0,8.0,8.0,9.0,9.0,2.0,9.0,9.0,8.94,8.02,8.94,9.0,9.0,9.93,8.49,6.0,10.0,10.0,10.0,7.0,9.05,9.93,10.0
31,31.0,1.0,1.0,1.0,1.45,8.0,10.0,1.0,1.6,1.0,0.99,2.31,2.35,2.11,2.0,2.36,1.99,2.0,1.99,2.17,2.17,3.0,3.47,3.0,3.0,3.0,3.0,3.11,3.0,3.0,3.0,4.03,4.0,4.0,4.0,4.0,2.95,4.08,4.0,4.0,4.0,4.97,5.0,5.0,5.05,5.0,4.61,5.0,4.97,4.51,5.0,5.49,6.0,6.0,5.58,6.0,6.0,6.0,6.0,6.0,6.0,7.0,3.0,7.0,5.54,7.0,7.0,7.0,4.0,5.29,7.0,8.0,4.0,8.0,8.0,7.74,7.94,8.0,8.0,8.0,8.0,8.94,7.4,8.18,9.0,9.0,8.94,8.18,9.0,9.0,9.0,9.93,9.05,9.93,10.0,9.9,10.0,10.0,10.0,10.0,2.0
32,32.0,0.99,1.0,1.0,1.0,1.0,1.0,7.0,1.18,1.21,1.0,2.0,2.17,2.0,2.0,2.0,2.0,2.06,2.0,2.0,2.18,3.0,3.0,3.26,3.0,3.39,2.98,10.0,2.99,3.12,3.0,4.13,4.0,4.0,4.0,4.0,3.93,4.0,4.19,4.0,4.0,5.0,5.0,4.97,5.05,5.0,4.28,5.0,1.0,4.23,4.88,4.87,6.0,6.0,5.58,6.0,6.0,5.95,6.0,6.0,6.02,7.0,7.0,10.0,5.54,7.0,7.0,1.0,7.0,7.0,6.45,7.95,8.0,8.0,8.0,1.0,8.0,8.0,6.05,8.0,6.42,9.0,9.0,7.99,9.0,8.94,9.0,9.0,9.0,9.0,9.0,10.0,10.0,9.94,10.0,10.0,10.0,10.0,10.0,10.0,10.0
33,33.0,1.07,0.99,1.0,9.0,1.21,1.0,1.49,0.99,1.0,1.0,2.0,2.18,2.0,1.99,2.0,1.99,2.07,2.0,2.0,2.0,3.0,3.0,3.14,3.0,6.0,2.98,9.0,3.0,3.0,3.0,6.0,4.0,4.0,4.0,1.0,3.6,4.0,7.0,4.0,3.97,5.0,5.0,5.0,5.05,4.96,5.0,5.0,5.0,2.0,5.0,6.0,6.0,6.0,6.0,6.0,6.02,5.94,6.0,6.0,6.0,7.0,7.0,7.0,7.0,7.0,6.45,7.0,7.0,7.0,7.0,8.0,8.0,8.0,8.0,6.13,8.0,8.0,8.0,7.19,6.18,8.9,9.0,9.0,9.0,9.0,9.0,9.0,9.0,8.08,9.0,10.0,10.0,9.44,10.0,10.0,10.0,9.94,10.0,9.32,8.94
34,34.0,1.0,1.0,1.36,1.34,1.0,1.27,1.0,1.0,1.0,1.0,2.0,2.0,2.0,1.99,2.0,2.0,2.0,2.0,2.0,2.18,3.0,3.0,6.0,3.0,10.0,3.25,3.0,3.0,8.0,2.99,4.08,4.0,4.0,4.0,4.0,4.0,4.18,3.97,4.0,4.0,5.0,5.0,5.0,5.13,5.0,5.0,4.62,5.0,4.93,5.0,6.0,6.0,6.0,6.0,6.0,6.0,6.0,5.49,6.0,6.0,6.86,7.0,5.96,6.45,6.95,7.0,6.54,6.31,6.3,7.0,8.0,8.0,8.0,8.0,8.0,7.51,7.94,2.0,8.0,6.43,9.0,9.0,9.0,8.26,9.0,8.94,9.0,9.0,9.0,8.48,9.92,10.0,9.83,10.0,9.12,10.0,9.45,8.16,6.0,10.0
35,35.0,1.0,1.0,9.0,1.0,1.0,10.0,1.08,1.0,1.0,0.99,2.0,2.0,2.0,10.0,2.0,1.99,2.0,2.0,2.17,2.0,3.0,3.0,3.0,3.04,3.22,3.11,3.0,2.98,2.98,3.22,4.0,4.0,4.0,4.0,4.0,4.0,4.0,4.0,4.0,4.0,4.53,5.0,5.04,5.0,8.0,5.0,5.0,4.97,8.0,4.96,5.49,6.0,6.0,5.61,5.96,6.0,6.0,6.0,5.58,6.0,7.0,7.0,7.0,5.54,7.0,1.0,7.0,7.0,5.8,7.0,10.0,8.0,8.0,8.0,7.94,8.0,7.4,8.0,8.0,5.99,8.94,9.0,8.18,9.0,8.18,8.93,7.04,8.94,9.0,9.0,10.0,10.0,4.0,10.0,4.0,10.0,10.0,10.0,9.93,9.93
36,36.0,1.0,1.0,1.0,1.0,1.0,1.21,1.0,1.0,1.0,1.26,2.28,2.0,2.12,2.0,2.17,2.0,2.0,1.99,2.0,2.0,3.0,3.0,3.25,3.0,6.0,3.0,3.0,3.0,3.0,3.0,4.0,4.0,4.0,3.74,7.0,4.0,4.0,4.06,4.03,4.14,4.97,5.0,5.0,5.0,5.0,5.0,5.0,5.0,4.49,4.99,6.0,6.0,6.0,5.58,6.0,6.01,6.0,5.8,6.0,6.0,7.0,7.0,5.8,3.0,6.94,6.45,6.37,7.0,7.0,7.0,8.0,6.54,7.95,8.0,7.52,8.0,8.0,6.48,5.8,6.51,9.0,7.39,9.0,9.0,8.18,8.35,9.0,9.0,9.0,7.52,9.91,10.0,10.0,10.0,8.96,9.93,10.0,10.0,9.32,10.0
37,37.0,2.0,1.0,1.0,10.0,1.0,1.0,1.53,1.18,0.99,1.21,2.0,7.0,2.0,2.0,2.0,2.0,1.99,2.0,2.15,2.0,3.34,10.0,3.13,3.12,3.22,2.98,3.09,3.0,3.0,2.98,4.17,4.0,4.0,4.0,4.0,10.0,3.97,4.0,4.03,4.0,4.96,5.0,5.0,5.0,5.0,5.0,5.0,5.0,4.18,1.0,4.95,6.12,6.0,6.0,6.0,6.0,6.0,5.58,5.96,6.01,6.99,6.3,5.53,7.0,7.0,7.0,7.0,7.0,6.95,7.0,8.0,8.0,8.0,8.0,8.0,8.0,8.0,8.0,8.0,8.0,9.0,7.4,9.0,8.94,8.94,9.0,9.0,8.36,7.91,8.94,9.93,10.0,7.0,10.0,5.0,10.0,10.0,10.0,10.0,9.74
38,38.0,1.0,1.18,1.0,1.0,1.44,1.18,8.0,4.0,1.0,1.0,2.0,2.17,9.0,2.15,1.99,1.99,2.0,2.06,2.15,2.0,3.0,3.22,3.0,3.12,3.12,2.98,3.0,3.0,3.0,3.0,4.03,4.0,4.03,4.0,4.0,3.0,4.0,4.0,4.0,4.0,5.0,5.0,5.05,5.05,5.0,5.0,5.0,5.0,4.53,5.0,6.0,9.0,6.0,5.52,6.0,6.01,6.01,5.46,5.96,6.0,7.0,6.33,6.77,7.0,5.89,7.0,6.45,7.0,7.0,7.0,8.0,6.3,8.0,8.0,8.0,8.0,7.94,8.0,8.0,8.0,9.0,9.0,9.0,8.94,9.0,9.0,7.36,6.0,9.0,1.0,10.0,8.32,10.0,10.0,10.0,9.92,10.0,10.0,10.0,10.0
39,39.0,1.0,1.0,1.43,1.44,1.21,1.0,1.0,1.0,1.0,1.0,2.33,2.0,1.98,2.0,2.0,2.0,10.0,2.0,1.98,2.0,3.0,3.0,2.98,3.0,2.98,3.11,10.0,3.0,3.0,3.09,4.0,4.0,3.86,4.0,4.0,4.0,4.19,4.0,4.0,4.03,1.0,5.0,5.0,8.0,5.0,2.0,5.0,5.0,5.0,4.53,6.0,6.01,6.0,5.61,6.01,6.0,6.0,5.95,6.0,5.48,7.0,7.0,5.31,7.0,7.0,7.0,7.0,7.0,6.3,7.0,8.0,7.23,8.0,8.0,6.8,8.0,7.4,8.0,6.04,8.0,9.0,9.0,9.0,9.0,9.0,9.0,9.0,9.0,2.0,9.0,9.92,5.0,10.0,2.0,10.0,9.92,10.0,10.0,10.0,10.0
40,40.0,1.08,1.2,1.43,1.0,10.0,1.28,1.18,1.23,1.0,1.0,2.34,2.0,1.99,1.99,2.0,2.0,2.0,2.0,2.0,2.0,2.98,6.0,3.0,3.0,3.0,3.0,3.0,3.0,3.0,3.0,4.0,4.0,4.0,4.0,4.0,1.0,4.09,4.03,4.08,4.03,5.0,5.01,5.05,5.13,5.0,5.0,4.53,5.0,5.0,5.01,6.0,6.01,6.0,6.0,6.01,6.01,5.96,2.0,6.0,5.49,7.0,5.82,5.78,7.0,7.0,6.95,7.0,5.31,3.0,7.0,7.94,6.7,7.93,8.0,8.0,8.0,8.0,7.7,6.55,8.0,9.0,9.0,9.0,9.0,9.0,9.0,8.04,9.0,9.0,7.82,10.0,10.0,10.0,9.93,8.93,9.92,9.93,9.93,10.0,8.99
41,41.0,4.0,1.0,1.21,1.0,1.14,1.0,1.0,1.0,5.0,1.0,2.0,2.0,1.98,5.0,2.0,2.0,2.0,2.0,2.0,2.35,3.0,3.0,3.11,3.19,2.98,3.0,3.0,3.0,3.0,3.0,4.0,3.97,4.13,4.0,3.7,3.73,4.0,9.0,4.0,3.97,5.03,5.0,5.0,5.0,5.0,5.0,5.0,5.0,4.53,5.0,6.0,6.0,6.0,6.0,6.0,6.01,3.0,6.0,6.0,6.0,6.98,7.0,7.0,7.0,6.3,7.0,7.0,7.0,7.0,7.0,8.0,2.0,8.0,8.0,8.0,3.0,8.0,8.0,3.0,5.66,5.0,9.0,9.0,9.0,8.93,5.0,6.68,7.68,8.93,8.47,3.0,10.0,9.92,10.0,10.0,10.0,10.0,9.93,10.0,10.0
42,42.0,0.99,1.0,1.0,1.37,1.0,1.0,10.0,1.0,1.44,1.0,2.0,2.0,2.0,5.0,2.0,1.98,2.0,2.0,8.0,2.42,3.22,3.36,3.09,3.12,3.0,3.0,3.0,3.0,2.98,2.98,4.0,4.0,4.0,4.0,4.0,3.64,4.0,4.0,4.0,4.0,4.6,5.0,5.05,5.0,5.0,5.0,4.53,5.0,4.96,5.0,4.4,6.0,6.0,6.0,6.0,6.0,6.0,6.0,5.57,9.0,7.0,7.0,5.3,6.04,7.0,7.0,7.0,5.71,7.0,7.0,7.94,7.23,8.0,7.18,8.0,7.94,8.0,8.0,8.0,8.0,8.93,9.0,9.0,9.0,8.17,9.0,9.0,5.0,8.93,9.0,9.92,10.0,10.0,9.92,9.11,10.0,9.44,10.0,10.0,10.0
43,43.0,1.0,1.0,0.99,1.0,1.0,1.0,1.0,1.22,1.0,1.22,2.31,1.98,2.0,2.0,6.0,2.15,2.0,2.0,2.0,2.0,7.0,3.22,3.0,3.0,3.0,2.98,2.98,9.0,3.0,3.0,4.08,4.0,1.0,4.0,4.0,3.43,4.0,8.0,4.0,4.0,5.0,5.01,5.0,5.04,4.96,4.96,5.0,8.0,5.0,1.0,6.0,6.0,6.0,5.58,6.0,6.0,6.0,6.0,6.0,6.0,7.0,7.0,7.0,7.0,6.54,7.0,7.0,6.29,7.0,7.0,8.0,8.0,8.0,8.0,5.0,8.0,8.0,8.0,5.85,8.0,9.0,9.0,6.44,7.03,8.93,8.93,9.0,8.47,1.0,9.0,10.0,10.0,10.0,10.0,10.0,10.0,10.0,10.0,10.0,9.92
44,44.0,0.99,1.0,1.43,1.0,1.0,1.18,1.0,6.0,1.0,1.0,2.31,2.35,1.98,2.0,7.0,2.0,2.0,2.0,7.0,2.0,3.0,3.0,3.0,3.12,3.0,3.11,3.0,3.0,3.0,6.0,4.0,4.08,4.0,4.0,4.0,4.0,4.0,4.0,4.03,3.97,5.0,5.0,5.0,5.0,5.08,5.0,5.0,5.0,5.0,4.96,6.0,6.0,6.0,5.58,6.0,5.95,5.95,6.0,5.95,6.0,3.0,7.0,7.0,7.0,6.32,6.94,7.0,7.0,6.44,7.0,8.0,8.0,7.94,8.0,8.0,8.0,7.94,8.0,5.79,5.0,9.0,9.0,8.06,7.6,3.0,9.0,9.0,9.0,9.0,9.0,10.0,10.0,10.0,10.0,10.0,10.0,10.0,9.92,10.0,9.92
45,45.0,1.0,1.0,7.0,1.0,1.0,1.0,1.21,1.0,1.21,1.0,2.0,2.0,2.0,2.0,2.0,2.17,2.17,2.0,1.98,2.0,3.0,3.36,3.19,3.0,3.0,3.0,3.0,3.0,2.98,3.0,4.0,3.97,4.02,3.7,4.0,4.0,4.0,4.0,10.0,4.0,1.0,5.0,5.03,5.0,5.0,2.0,5.0,5.0,4.53,4.96,6.0,6.0,6.0,6.0,6.01,6.0,6.0,5.48,3.0,6.0,7.0,7.0,7.0,7.0,7.0,6.95,4.0,7.0,6.94,7.0,8.0,8.0,8.0,7.94,7.23,7.94,8.0,5.0,8.0,6.42,9.0,9.0,9.0,9.0,9.0,9.0,6.0,9.0,9.0,9.0,9.92,10.0,8.95,10.0,9.92,10.0,10.0,3.0,9.92,10.0
46,46.0,0.99,1.0,1.0,1.0,1.0,1.0,7.0,1.0,1.21,1.22,2.0,2.0,1.98,2.0,2.0,2.11,2.0,2.06,1.98,2.42,3.0,3.47,3.0,3.12,3.0,3.0,3.0,3.0,3.0,2.98,4.0,4.08,4.0,9.0,4.0,4.0,4.19,4.0,4.0,4.0,5.0,5.01,5.0,4.53,10.0,4.69,5.0,5.0,5.0,5.0,4.87,6.0,6.0,5.57,6.0,5.95,9.0,5.49,5.41,3.0,7.0,7.0,7.0,7.0,4.0,6.94,7.0,5.71,6.44,6.94,8.0,2.0,7.94,8.0,8.0,7.94,2.0,8.0,8.0,6.42,9.0,6.71,9.0,9.0,3.0,9.0,9.0,9.0,5.0,9.0,10.0,10.0,10.0,10.0,10.0,10.0,9.2,10.0,9.92,10.0
47,47.0,1.0,0.99,0.99,1.0,1.0,0.99,1.21,1.41,1.0,6.0,2.0,2.0,1.98,2.0,2.0,2.0,2.0,2.06,2.0,2.06,3.08,3.0,3.22,3.0,3.08,3.0,3.37,2.98,3.0,2.98,4.0,4.08,4.0,9.0,4.02,3.52,8.0,4.0,4.0,4.0,5.0,5.01,5.0,5.0,5.0,4.96,5.0,5.0,9.0,5.0,5.45,6.0,6.0,6.0,6.01,5.95,6.0,6.0,5.41,6.0,7.0,6.97,7.0,7.0,1.0,7.0,7.0,7.0,7.0,6.97,8.0,8.0,7.94,8.0,8.0,8.0,7.94,8.0,4.0,8.0,9.0,6.71,3.0,9.0,8.11,8.93,9.0,8.93,9.0,7.6,9.92,7.59,10.0,10.0,10.0,10.0,5.0,9.11,10.0,10.0
48,48.0,1.0,1.0,5.0,1.55,5.0,1.0,1.4,1.0,0.99,1.0,2.49,2.0,2.0,1.98,2.0,2.0,2.12,1.98,2.0,2.0,2.98,3.0,3.0,3.0,3.0,3.0,3.0,3.0,3.0,3.0,4.08,4.0,4.0,1.0,4.0,3.41,4.19,4.02,3.76,3.97,4.96,5.0,5.0,8.0,5.01,2.0,5.0,5.0,4.53,4.96,2.0,6.0,6.0,6.0,6.06,9.0,5.95,6.0,6.0,5.41,7.0,1.0,7.0,4.0,7.0,7.0,7.0,7.0,5.79,6.97,7.39,7.23,8.0,7.4,7.23,8.0,8.0,7.94,8.0,7.18,8.93,9.0,9.0,9.0,9.0,9.0,8.17,9.0,9.0,7.6,10.0,10.0,10.0,9.92,10.0,9.92,9.92,10.0,10.0,10.0
49,49.0,1.0,1.0,0.99,1.45,0.99,1.0,1.0,4.0,1.0,1.0,2.0,6.0,2.0,2.0,2.0,2.0,2.0,2.0,2.11,2.16,3.0,9.0,8.0,3.0,3.08,3.0,3.0,3.0,3.0,3.0,4.0,4.0,4.0,4.22,4.0,4.0,4.08,4.0,4.0,4.0,4.96,5.0,5.0,4.96,9.0,5.0,5.0,4.96,5.0,10.0,6.0,6.0,6.0,5.57,6.0,6.0,5.95,6.0,6.0,5.48,7.0,7.0,6.29,6.44,7.0,7.0,6.44,7.0,7.0,6.44,8.0,7.93,8.0,8.0,7.93,7.5,8.0,6.64,6.12,8.0,9.0,1.0,8.06,9.0,8.92,9.0,9.0,9.0,8.92,9.0,10.0,10.0,10.0,9.92,10.0,9.92,10.0,10.0,10.0,9.91
50,50.0,1.0,0.99,1.21,1.49,0.99,4.0,1.0,1.0,1.0,1.0,2.31,2.0,1.98,2.0,1.98,2.0,2.0,2.0,2.0,2.0,3.22,3.0,3.09,7.0,2.98,3.0,3.4,3.0,3.0,2.98,4.0,4.0,4.0,3.77,4.0,4.0,4.0,4.0,10.0,4.0,5.0,5.0,5.0,4.53,5.0,5.04,1.0,5.0,5.0,5.0,6.0,6.0,6.0,5.57,6.0,6.0,6.0,6.0,5.41,6.0,7.0,7.0,7.0,7.0,7.0,7.0,7.0,7.0,7.0,7.0,8.0,2.0,7.94,8.0,7.93,7.5,8.0,7.18,6.47,6.42,9.0,9.0,9.0,9.0,9.0,8.93,5.45,8.25,9.0,9.0,10.0,9.19,9.31,10.0,10.0,10.0,9.92,10.0,10.0,9.92
51,51.0,1.0,0.99,0.99,9.0,1.0,1.0,8.0,1.22,1.0,1.0,2.33,2.0,2.0,2.0,2.0,1.98,2.0,2.0,2.0,2.42,9.0,3.0,3.0,3.0,9.0,3.17,3.0,3.0,3.0,3.0,4.08,3.97,4.0,4.02,3.64,3.84,4.08,4.11,3.97,3.7,5.0,5.0,5.0,4.96,5.0,5.04,5.0,5.0,5.0,4.96,5.41,6.0,5.99,5.62,6.0,6.0,6.0,3.0,6.0,6.0,7.0,7.0,1.0,7.0,7.0,7.0,7.0,7.0,7.0,7.0,8.0,8.0,8.0,8.0,7.23,8.0,7.93,7.17,8.0,6.42,8.92,7.79,8.06,7.48,9.0,8.92,9.0,8.25,8.92,9.0,10.0,10.0,10.0,10.0,10.0,9.92,9.43,10.0,9.92,10.0
52,52.0,1.0,1.0,1.0,1.41,1.0,0.99,1.0,1.0,1.0,1.0,5.0,2.17,2.0,2.0,2.16,1.98,2.0,2.15,1.98,6.0,3.08,6.0,3.0,2.98,3.0,3.0,3.09,3.0,3.11,3.0,4.0,4.0,4.0,4.0,4.0,3.52,4.02,4.11,4.0,4.0,5.0,5.0,5.11,5.0,4.96,5.0,4.65,5.0,5.0,5.0,6.0,6.06,10.0,3.0,6.0,6.0,6.0,6.0,5.95,5.4,6.98,6.97,5.3,7.0,7.0,7.0,7.0,5.71,7.0,7.0,8.0,8.0,7.94,8.0,7.94,7.94,8.0,8.0,8.0,8.0,9.0,9.0,7.2,9.0,9.0,8.93,9.0,9.0,8.93,9.0,10.0,10.0,10.0,10.0,9.11,10.0,10.0,9.92,10.0,10.0
53,53.0,0.99,1.0,1.0,6.0,1.0,1.18,1.0,1.0,1.41,1.21,2.0,1.98,2.0,2.15,2.0,2.33,2.29,2.0,2.0,1.98,3.0,3.0,3.0,10.0,3.08,3.0,3.15,2.97,3.0,3.0,4.0,4.0,4.0,4.0,4.0,4.0,4.0,4.11,3.7,4.0,5.0,5.0,5.0,5.0,5.0,5.0,4.57,5.03,5.0,5.0,6.0,5.46,6.0,6.0,6.0,6.0,6.0,6.0,6.0,5.95,9.0,7.0,6.29,3.0,7.0,7.0,6.43,6.35,7.0,6.43,7.93,8.0,8.0,6.76,7.93,7.93,4.0,8.0,2.0,8.0,9.0,9.0,3.0,9.0,9.0,9.0,3.0,9.0,8.92,9.0,10.0,7.66,10.0,10.0,10.0,10.0,9.11,10.0,9.92,9.91
54,54.0,1.0,1.0,0.99,1.0,1.0,0.99,1.0,1.0,1.21,0.99,2.0,2.0,2.0,2.15,2.0,2.0,2.0,2.0,2.0,2.16,3.0,3.0,3.19,3.0,3.08,3.0,3.13,2.97,3.0,2.98,10.0,4.0,4.0,4.13,4.0,1.0,4.0,4.0,3.32,4.02,5.0,5.0,4.96,5.0,5.0,5.0,4.95,5.0,5.0,4.96,6.0,9.0,6.0,6.0,6.06,6.0,6.0,6.0,6.0,5.39,7.0,6.97,7.0,7.0,7.0,7.0,7.0,7.0,7.0,7.0,6.69,8.0,8.0,7.39,8.0,8.0,8.0,8.0,8.0,5.66,8.35,4.0,7.77,6.92,9.0,9.0,7.03,9.0,9.0,6.0,10.0,8.31,9.3,10.0,10.0,10.0,10.0,10.0,9.92,9.92
55,55.0,1.0,1.18,1.0,1.0,1.0,1.0,1.0,1.0,1.0,1.21,2.33,2.0,1.98,2.15,2.0,2.0,2.29,2.0,1.98,2.0,3.22,3.0,3.1,3.0,2.98,2.98,3.0,2.97,2.98,3.0,4.08,4.0,8.0,4.0,4.0,3.67,4.0,4.0,4.0,10.0,5.03,5.01,5.12,8.0,4.95,5.0,5.0,5.0,5.0,4.96,4.91,6.01,6.0,6.0,6.0,6.0,6.0,6.0,6.0,5.39,7.0,7.0,2.0,7.0,7.0,6.94,6.44,7.0,6.44,6.44,8.0,8.0,8.0,8.0,8.0,8.0,8.0,8.0,6.11,6.42,9.0,9.0,9.0,7.02,9.0,9.0,6.67,9.0,8.91,9.0,10.0,10.0,9.79,10.0,4.0,10.0,7.0,10.0,10.0,10.0
56,56.0,1.0,1.0,1.0,1.0,1.0,1.0,1.26,1.0,1.0,1.21,2.0,6.0,1.98,2.0,2.0,2.0,2.29,10.0,2.0,2.0,3.19,3.0,3.0,3.08,3.19,8.0,3.0,3.0,3.08,3.0,4.0,4.0,4.13,4.07,4.07,4.0,4.0,4.0,4.0,4.0,5.0,5.0,5.0,5.0,5.0,4.96,5.0,5.03,5.0,4.96,6.0,6.0,6.0,6.0,6.0,5.98,6.0,5.55,6.0,6.0,2.0,2.0,7.0,7.0,6.31,7.0,7.0,7.0,2.0,7.0,4.0,8.0,2.0,6.54,8.0,7.93,7.93,7.17,8.0,8.0,7.67,9.0,8.05,9.0,8.92,9.0,7.02,9.0,8.46,7.19,10.0,8.3,9.3,10.0,10.0,9.91,10.0,5.0,10.0,9.91
57,57.0,1.0,4.0,0.99,1.0,1.14,1.0,1.0,1.41,1.0,1.01,2.0,2.0,2.0,2.0,2.0,2.0,2.0,2.28,2.11,2.0,3.0,9.0,3.23,2.97,3.0,3.0,3.0,2.97,3.0,3.0,4.0,3.97,4.0,4.15,3.7,3.63,4.0,4.03,4.0,4.02,5.0,5.08,5.11,4.95,5.03,4.96,4.55,5.0,1.0,5.0,1.0,6.06,5.99,6.0,6.06,5.99,5.94,6.0,6.0,6.0,9.0,7.0,5.93,6.35,7.0,7.0,3.0,7.0,5.79,7.0,8.0,8.0,8.0,8.0,7.21,8.0,7.93,8.0,3.0,6.83,8.93,7.38,9.0,9.0,9.0,9.0,9.0,9.0,8.45,8.06,10.0,10.0,10.0,10.0,10.0,10.0,10.0,10.0,10.0,9.92
58,58.0,1.0,0.99,1.0,1.0,1.0,1.0,1.4,1.22,6.0,1.0,2.0,2.0,2.0,2.15,2.0,2.16,2.0,2.0,2.0,2.0,3.0,3.0,3.0,3.0,3.0,3.0,3.0,3.0,6.0,3.0,4.0,7.0,4.13,4.0,4.0,4.0,10.0,4.0,3.97,4.0,5.0,5.0,5.0,4.61,5.0,5.0,5.0,5.0,5.0,5.0,6.0,6.0,5.95,6.0,6.0,6.0,5.48,5.48,5.41,6.0,6.94,7.0,7.0,7.0,6.97,6.94,7.0,5.73,7.0,7.0,8.0,8.0,8.0,7.93,8.0,8.0,7.93,7.17,8.0,5.79,9.0,9.0,1.0,6.92,9.0,8.92,6.21,8.25,8.92,9.0,10.0,5.0,10.0,10.0,10.0,9.92,10.0,10.0,10.0,10.0
59,59.0,0.99,1.0,1.21,1.22,1.0,1.0,1.0,1.0,1.42,1.21,2.0,2.0,2.0,2.0,2.16,2.0,2.29,2.27,2.0,2.0,3.33,3.0,3.0,3.0,3.0,3.31,3.12,3.0,3.0,3.08,4.08,4.0,4.0,4.03,4.0,4.0,8.0,4.02,4.0,4.0,5.0,5.0,5.0,4.61,5.0,8.0,5.0,5.0,5.0,5.0,6.0,6.0,6.0,6.0,6.06,6.0,6.0,6.0,6.0,5.48,7.0,7.0,7.0,6.94,7.0,6.94,7.0,7.0,7.0,3.0,7.39,7.93,6.74,8.0,7.23,5.0,8.0,1.0,1.0,1.0,9.0,8.92,9.0,9.0,9.0,9.0,9.0,9.0,9.0,8.06,10.0,10.0,10.0,9.43,10.0,9.91,10.0,10.0,10.0,10.0
60,60.0,1.0,1.0,0.99,6.0,1.0,1.0,1.0,1.0,1.0,1.0,2.0,2.0,2.0,2.0,2.36,2.0,2.29,2.16,2.0,2.43,3.33,3.0,3.0,3.0,3.0,3.0,3.13,3.0,3.0,3.0,4.08,4.0,4.13,4.0,3.7,3.84,4.0,4.12,4.0,4.0,5.03,5.0,5.0,5.0,5.0,5.0,4.6,5.0,4.96,5.0,6.0,9.0,5.99,5.95,6.0,5.95,6.0,6.0,6.0,6.0,6.94,7.0,7.0,5.93,7.0,7.0,7.0,7.0,7.0,7.0,6.55,8.0,7.93,8.0,8.0,8.0,8.0,8.0,8.0,6.07,9.0,7.57,7.85,6.69,8.92,9.0,3.0,9.0,8.92,8.46,9.91,10.0,10.0,10.0,9.3,10.0,10.0,10.0,10.0,10.0
61,61.0,1.0,1.0,1.0,1.52,1.0,0.99,1.0,1.0,1.0,7.0,2.0,2.05,2.16,2.0,6.0,2.0,6.0,2.14,2.0,2.0,3.0,3.0,3.0,3.08,3.0,3.0,9.0,3.0,9.0,3.0,4.0,4.0,4.0,4.0,4.0,4.0,4.0,4.0,4.0,4.02,5.0,5.0,5.0,5.0,5.08,5.0,5.0,5.0,4.95,5.0,6.0,6.0,6.0,6.0,6.0,6.0,6.0,6.0,6.0,6.0,7.0,7.0,5.88,6.78,6.56,7.0,7.0,6.96,5.64,5.96,7.0,8.0,8.0,7.39,8.0,8.0,8.0,6.63,8.0,6.12,9.0,7.55,9.0,9.0,9.0,9.0,6.21,9.0,9.0,9.0,10.0,9.19,10.0,10.0,9.3,10.0,10.0,4.0,10.0,10.0
62,62.0,1.0,1.0,1.0,1.0,1.0,1.0,1.0,1.22,1.0,1.0,2.0,2.0,2.0,2.0,2.0,2.0,2.11,2.0,2.18,2.24,3.0,3.0,3.0,3.0,3.09,3.0,3.0,2.97,3.0,3.0,4.08,4.0,4.14,4.13,3.75,4.0,4.19,4.0,4.0,4.0,5.0,10.0,5.0,5.0,4.95,4.96,4.55,5.0,5.0,5.0,6.0,6.0,6.0,6.0,9.0,5.94,6.0,6.0,6.0,2.0,7.0,7.0,4.0,7.0,6.56,6.94,7.0,1.0,5.14,7.0,8.0,8.0,8.0,8.0,8.0,7.92,8.0,7.93,8.0,8.0,9.0,9.0,9.0,6.65,9.0,9.0,9.0,9.0,9.0,9.0,9.9,8.31,9.92,10.0,10.0,10.0,9.92,10.0,9.92,10.0
63,63.0,1.0,1.0,1.0,1.0,1.0,1.0,1.67,1.0,1.18,1.0,5.0,2.0,2.0,1.98,2.16,2.0,2.0,2.0,2.0,2.0,3.08,3.08,3.0,3.0,3.0,3.0,3.0,3.0,3.0,3.0,4.0,4.02,4.0,4.15,4.0,1.0,4.19,4.0,4.0,4.0,5.0,5.0,8.0,5.0,5.0,5.0,5.0,4.96,5.0,5.0,1.0,6.0,6.0,5.95,6.06,6.0,5.99,6.0,6.0,6.0,7.0,6.97,7.0,6.33,7.0,7.0,7.0,6.32,3.0,7.0,7.39,7.93,8.0,6.63,8.0,8.0,8.0,8.0,1.0,8.0,9.0,9.0,9.0,6.8,8.92,8.92,9.0,8.46,9.0,8.76,10.0,10.0,10.0,10.0,9.3,10.0,10.0,10.0,10.0,9.9
64,64.0,1.0,0.99,1.21,1.0,1.0,0.99,1.0,1.0,1.37,0.99,2.0,2.0,1.98,2.0,2.0,2.0,2.11,2.0,2.0,2.0,9.0,3.0,3.22,3.0,3.08,6.0,8.0,3.0,3.0,9.0,4.0,4.0,8.0,4.13,4.0,4.0,4.0,4.0,4.0,4.0,4.95,5.0,5.03,4.6,5.0,5.12,5.0,5.03,5.0,4.96,6.0,6.0,6.0,10.0,6.0,5.98,6.0,6.0,6.0,5.94,7.0,7.0,7.0,7.0,6.31,6.94,7.0,6.94,7.0,5.81,8.0,8.0,1.0,8.0,8.0,8.0,8.0,7.39,7.5,7.17,7.67,9.0,9.0,9.0,9.0,9.0,9.0,9.0,9.0,8.92,9.91,9.19,1.0,9.42,10.0,10.0,10.0,9.91,10.0,10.0
65,65.0,10.0,1.0,1.0,1.0,10.0,1.0,1.0,1.0,1.0,0.99,2.0,2.05,6.0,2.0,2.0,2.32,2.11,2.0,2.18,2.23,3.0,3.0,3.0,3.0,3.0,3.0,3.26,3.0,3.0,3.0,4.0,4.02,4.0,4.0,4.07,4.05,4.0,1.0,4.0,4.0,5.0,5.0,5.0,5.0,5.0,5.0,4.6,10.0,5.0,5.0,6.0,6.0,5.94,5.94,6.0,5.98,6.0,5.98,6.0,6.0,6.94,3.0,6.28,10.0,7.0,7.0,7.0,7.0,5.23,7.0,8.0,8.0,8.0,8.0,8.0,7.3,8.0,5.0,8.0,8.0,9.0,9.0,9.0,9.0,9.0,1.0,9.0,9.0,9.0,9.0,10.0,10.0,9.91,9.42,10.0,9.42,3.0,1.0,9.91,9.19
66,66.0,0.99,1.14,1.21,1.0,1.14,0.99,1.0,1.24,1.0,1.0,2.0,1.98,2.0,2.0,2.0,2.0,2.12,2.0,2.0,2.0,3.08,3.0,3.0,3.0,3.09,3.17,3.12,3.0,3.0,3.0,4.0,4.02,4.0,7.0,4.0,4.0,8.0,4.0,4.0,4.0,5.03,5.0,5.0,4.6,5.0,5.0,5.0,5.03,5.0,5.0,6.0,6.0,5.57,5.95,6.0,5.94,6.0,6.0,5.95,6.0,7.0,6.97,5.88,6.43,6.49,6.93,6.94,6.32,1.0,10.0,7.18,8.0,8.0,8.0,8.0,7.93,8.0,8.0,8.0,8.0,9.0,8.46,9.0,6.34,9.0,9.0,9.0,7.78,9.0,1.0,10.0,3.0,10.0,10.0,10.0,10.0,10.0,10.0,10.0,10.0
67,67.0,1.0,1.0,0.99,1.3,1.14,1.0,1.29,1.0,1.4,1.0,2.0,2.0,1.98,2.0,2.0,2.15,2.0,2.16,2.0,2.0,3.1,3.0,3.33,3.0,3.0,3.0,3.0,2.97,3.0,2.97,4.0,3.97,10.0,10.0,4.0,4.0,4.0,4.12,4.0,3.64,5.03,5.0,5.0,5.0,5.0,4.95,5.0,5.0,5.0,5.0,6.0,6.0,6.0,6.0,6.0,6.0,5.53,6.0,6.0,6.0,7.0,7.0,7.0,3.0,7.0,7.0,6.94,2.0,7.0,7.0,8.0,8.0,8.0,8.0,8.0,8.0,7.93,8.0,8.0,8.0,9.0,8.01,8.73,9.0,9.0,8.92,6.21,9.0,9.0,9.0,10.0,10.0,10.0,10.0,10.0,10.0,10.0,10.0,10.0,10.0
68,68.0,1.0,0.99,1.0,1.32,1.0,1.0,1.0,1.0,1.0,1.0,2.0,2.0,2.0,2.16,2.02,2.0,2.0,2.0,2.05,2.0,3.0,6.0,3.0,3.0,3.0,3.13,3.0,3.0,2.97,3.0,10.0,3.96,4.04,4.04,1.0,4.0,4.0,4.0,3.55,4.0,4.96,5.0,5.02,5.0,4.95,5.0,4.48,5.0,5.0,5.0,5.99,5.52,6.0,5.99,6.0,5.94,5.48,5.52,5.41,5.31,7.0,7.0,7.0,7.0,6.97,6.93,6.94,6.94,7.0,4.78,5.52,7.92,8.0,8.0,8.0,6.87,8.0,7.17,8.0,1.0,9.0,6.87,9.0,7.26,9.0,9.0,9.0,9.0,9.0,9.0,9.01,8.9,9.17,10.0,10.0,9.42,10.0,10.0,9.89,10.0
69,69.0,0.99,0.99,1.0,1.0,1.15,1.0,1.42,1.24,1.43,0.99,2.0,2.0,2.0,2.0,2.0,2.0,2.14,2.0,2.0,2.25,3.0,3.0,3.0,2.98,3.0,2.98,3.0,3.0,3.0,3.0,4.09,4.0,4.04,4.03,4.0,4.0,4.0,10.0,3.58,4.0,5.03,5.0,5.03,4.53,5.0,4.52,5.0,5.0,5.0,5.0,6.0,6.0,6.0,6.0,6.06,6.0,6.0,5.41,5.32,5.38,7.0,10.0,6.29,7.0,7.0,7.0,7.0,7.0,7.0,7.0,6.79,8.0,7.49,8.0,8.0,8.0,7.93,8.0,8.0,6.12,9.0,7.66,9.0,9.0,9.0,9.0,6.21,7.79,9.0,9.0,9.72,5.0,9.76,9.43,10.0,9.81,10.0,10.0,9.89,10.0
70,70.0,1.0,1.0,0.99,1.32,1.0,1.0,7.0,6.0,1.0,0.99,2.0,2.0,2.0,2.0,2.0,2.0,2.12,2.0,2.0,2.0,3.22,3.0,9.0,3.0,2.97,3.17,3.0,3.0,3.0,3.0,4.0,4.0,4.02,4.03,4.0,4.0,4.07,4.02,3.91,4.0,5.0,5.0,5.0,5.0,4.95,4.96,5.0,5.0,5.0,5.0,5.44,5.46,6.0,6.0,6.0,5.98,6.0,5.55,6.0,5.85,7.0,7.0,7.0,7.0,7.0,7.0,7.0,7.0,7.0,7.0,8.0,8.0,8.0,8.0,7.22,8.0,8.0,7.17,6.74,8.0,9.0,9.0,9.0,7.2,9.0,9.0,6.53,8.24,8.92,8.34,10.0,10.0,9.25,10.0,9.29,10.0,10.0,10.0,10.0,10.0
71,71.0,0.99,1.0,1.0,1.0,1.0,1.0,1.0,1.0,1.0,1.0,2.34,2.16,2.0,2.0,2.0,9.0,2.0,2.0,2.0,2.0,3.0,2.97,3.32,3.08,3.0,3.0,3.0,3.0,3.0,3.11,4.0,4.0,3.96,4.0,10.0,4.0,4.07,4.0,3.64,4.0,5.0,5.0,5.0,5.0,9.0,4.95,5.0,5.0,5.0,5.0,6.03,6.0,6.0,6.0,6.05,6.0,6.0,5.55,6.0,5.94,6.93,7.0,7.0,7.0,1.0,6.93,7.0,7.0,7.0,7.0,8.0,7.92,8.0,5.37,7.92,7.92,7.49,8.0,8.0,8.0,9.0,9.0,6.72,9.0,2.0,9.0,7.64,9.0,9.0,1.0,10.0,10.0,9.29,10.0,10.0,9.19,10.0,9.9,10.0,7.76
72,72.0,1.0,1.0,1.0,1.0,1.14,1.0,8.0,1.0,1.0,1.0,2.0,2.0,1.98,8.0,2.16,2.0,2.12,2.27,2.0,2.0,3.0,3.11,3.0,8.0,3.0,3.0,3.0,3.0,3.0,3.0,4.0,4.0,4.0,4.07,4.0,4.0,3.96,3.96,4.0,4.0,9.0,5.02,5.03,4.59,5.0,5.0,5.0,5.03,5.0,5.0,6.0,6.0,6.0,6.0,10.0,6.0,5.53,6.0,6.0,6.0,7.0,7.0,7.0,7.0,7.0,7.0,7.0,6.43,7.0,5.78,6.75,8.0,7.49,5.0,8.0,8.0,8.0,8.0,8.0,8.0,7.67,9.0,4.0,7.47,9.0,9.0,9.0,9.0,9.0,1.0,10.0,9.1,10.0,9.91,3.0,10.0,10.0,10.0,10.0,10.0
73,73.0,1.0,1.0,1.0,1.0,1.14,1.0,1.43,1.0,5.0,1.0,2.0,2.05,2.0,2.14,2.0,2.0,2.15,2.0,2.0,6.0,6.0,3.0,3.33,3.0,3.0,3.03,3.27,3.0,3.11,3.0,4.0,4.0,4.0,4.0,4.0,4.0,4.11,4.0,3.91,3.96,7.0,5.03,5.0,5.0,5.03,5.0,5.0,5.0,4.99,5.0,6.0,6.0,6.0,6.0,6.0,6.0,6.0,6.0,6.0,5.85,7.0,7.0,6.18,6.27,7.0,7.0,6.94,7.0,7.0,5.47,8.0,7.92,8.0,8.0,7.93,8.0,8.0,6.63,8.0,1.0,6.99,9.0,9.0,9.0,8.9,8.92,2.0,4.0,9.0,8.82,10.0,10.0,10.0,9.81,10.0,9.77,8.29,9.91,9.87,10.0
74,74.0,0.99,1.0,1.0,1.29,9.0,1.0,1.0,1.0,1.0,0.99,2.34,2.0,2.0,2.14,7.0,5.0,2.0,2.0,2.0,2.0,3.0,3.0,3.0,3.08,3.0,3.03,3.0,3.0,3.0,3.12,3.97,4.0,4.22,4.0,4.0,4.0,4.0,4.02,1.0,3.69,5.0,5.0,5.0,5.0,5.0,4.45,4.6,5.03,5.0,5.0,6.0,5.4,6.0,6.0,6.0,6.0,6.0,6.0,6.0,6.0,7.0,6.96,6.82,6.32,4.0,6.92,7.0,5.93,7.0,7.0,8.0,8.0,8.0,4.0,8.0,8.0,8.0,8.0,7.49,8.0,7.05,9.0,9.0,9.0,8.1,9.0,7.35,6.0,8.46,8.05,10.0,8.37,10.0,9.32,10.0,10.0,8.29,9.9,10.0,10.0
75,75.0,1.0,1.0,1.0,1.0,1.0,1.0,1.0,1.0,1.0,1.0,2.0,2.0,2.0,5.0,2.01,2.0,2.15,2.0,2.11,2.11,3.0,2.97,3.37,3.0,3.0,3.0,3.29,3.11,3.0,3.11,4.0,3.96,4.0,4.02,4.0,4.0,4.0,4.0,3.9,4.0,5.0,4.95,5.03,5.0,5.0,5.0,4.12,5.0,4.99,5.0,10.0,6.0,6.0,5.99,6.0,6.0,6.0,6.0,6.0,6.0,7.0,7.0,6.18,6.66,7.0,6.94,6.94,7.0,6.29,3.0,6.96,8.0,8.0,8.0,8.0,8.0,8.0,8.0,8.0,8.0,9.0,9.0,9.0,6.0,9.0,9.0,4.0,9.0,9.0,9.0,9.84,10.0,9.11,10.0,10.0,10.0,8.8,9.89,10.0,10.0
76,76.0,1.0,9.0,1.21,1.0,1.0,1.0,1.26,1.0,1.0,1.0,2.0,2.05,2.0,2.0,2.0,2.0,2.11,2.0,2.0,2.05,3.0,8.0,3.0,3.08,3.0,3.17,3.28,8.0,2.97,3.0,3.96,4.02,4.0,4.0,4.0,4.0,4.0,4.0,3.64,3.69,4.95,8.0,5.0,5.0,5.0,5.0,5.0,5.0,5.0,5.0,6.0,6.0,5.94,6.0,6.0,5.98,5.94,6.0,5.4,6.0,7.0,7.0,6.28,7.0,7.0,6.93,7.0,7.0,7.0,7.0,1.0,8.0,2.0,8.0,7.22,8.0,7.49,8.0,8.0,8.0,9.0,7.32,9.0,9.0,8.91,9.0,8.45,9.0,9.0,1.0,10.0,9.09,10.0,9.42,10.0,2.0,8.29,10.0,10.0,10.0
77,77.0,0.99,1.0,1.07,1.0,1.0,1.0,1.0,1.0,1.42,0.99,2.0,2.0,2.0,2.0,2.0,2.16,2.0,2.0,2.13,2.0,3.0,3.0,3.0,3.0,3.0,3.18,3.0,3.0,3.0,3.0,4.03,4.0,4.0,3.99,3.77,3.84,4.0,4.0,3.51,4.0,4.95,4.99,5.11,5.0,5.0,5.0,5.0,5.0,5.0,5.0,5.44,6.0,6.0,5.94,9.0,6.0,5.87,6.0,5.22,5.28,7.0,6.56,1.0,7.0,7.0,7.0,7.0,7.0,7.0,7.0,4.0,8.0,7.41,8.0,2.0,8.0,8.0,8.0,7.49,6.34,7.67,7.1,6.8,1.0,9.0,8.91,9.0,9.0,8.91,9.0,10.0,9.19,10.0,9.9,9.9,8.66,10.0,10.0,9.9,8.57
78,78.0,0.99,0.99,7.0,4.0,1.0,0.99,1.0,1.0,1.0,1.0,7.0,2.0,2.0,2.0,2.0,7.0,2.0,2.0,2.19,2.06,3.0,3.0,3.0,3.08,3.22,3.17,3.28,3.12,3.0,3.0,4.0,4.0,4.0,4.0,4.0,4.0,4.12,4.0,4.0,4.0,4.96,5.0,5.0,5.0,10.0,5.0,5.0,5.0,5.0,5.0,6.04,6.0,6.0,6.0,6.0,6.0,6.0,6.0,6.0,5.85,7.0,7.0,7.0,7.0,6.31,7.0,7.0,7.0,7.0,7.0,8.0,8.0,7.41,8.0,8.0,8.0,8.0,5.87,8.0,8.0,6.99,9.0,9.0,9.0,8.91,8.91,9.0,8.71,9.0,9.0,8.06,8.37,9.13,7.0,10.0,9.18,10.0,9.87,10.0,10.0
79,79.0,1.0,1.0,1.0,6.0,1.0,1.0,1.0,1.0,1.56,1.0,2.0,2.0,7.0,2.0,2.0,2.0,2.0,6.0,2.0,2.0,3.08,2.97,3.0,3.08,3.0,3.0,3.26,3.0,3.0,6.0,4.0,4.0,10.0,4.0,4.07,4.0,4.0,4.0,3.64,3.69,5.0,5.0,5.0,4.24,5.0,5.0,5.0,5.0,5.0,4.52,6.0,6.0,5.56,6.0,6.0,5.98,5.53,4.97,6.0,6.0,2.0,7.0,7.0,6.37,7.0,7.0,2.0,7.0,5.88,7.0,6.59,8.0,8.0,8.0,8.0,7.92,7.92,6.63,7.49,2.0,6.8,7.78,9.0,9.0,8.91,9.0,9.0,9.0,9.0,7.47,10.0,10.0,10.0,10.0,2.0,10.0,10.0,2.0,10.0,10.0
80,80.0,0.99,1.0,1.3,1.07,1.0,0.99,1.0,1.0,1.86,1.0,2.0,2.0,2.0,2.0,1.98,2.0,2.0,2.27,2.0,2.0,5.0,2.97,3.0,3.08,9.0,3.0,3.0,2.98,2.97,3.12,4.0,4.0,4.0,4.0,4.0,7.0,4.07,9.0,4.0,4.0,5.0,5.02,5.0,5.0,5.0,4.45,10.0,5.0,5.0,5.0,6.0,5.4,5.56,6.0,6.0,5.94,5.51,5.42,6.0,5.75,7.0,6.92,7.0,7.0,6.96,7.0,6.93,7.0,7.0,7.0,8.0,8.0,8.0,8.0,8.0,8.0,8.0,8.0,8.0,8.0,9.0,7.25,1.0,7.37,9.0,9.0,9.0,9.0,8.44,9.0,8.94,10.0,10.0,10.0,10.0,9.15,10.0,10.0,10.0,10.0
81,81.0,1.0,1.0,1.32,1.0,1.0,0.99,1.26,1.0,1.0,1.0,2.16,6.0,2.0,2.0,1.98,1.98,2.0,2.0,2.0,2.0,3.22,3.1,9.0,3.0,3.0,3.0,3.0,3.0,3.0,2.98,8.0,4.0,4.07,4.0,3.75,4.0,4.07,4.05,3.58,4.0,5.0,5.0,5.0,4.24,5.0,4.44,4.14,5.0,5.0,4.95,6.0,6.0,6.0,6.0,6.0,6.0,2.0,6.0,6.0,5.8,7.0,7.0,7.0,6.93,7.0,6.92,7.0,6.95,5.88,7.0,3.0,7.91,8.0,6.54,8.0,8.0,8.0,8.0,8.0,3.0,9.0,9.0,1.0,9.0,8.91,9.0,9.0,8.91,9.0,8.34,3.0,10.0,10.0,9.9,9.29,10.0,10.0,9.91,10.0,8.37
82,82.0,1.0,1.0,1.0,1.0,1.14,1.0,1.0,1.0,1.26,1.0,2.0,2.0,2.16,2.0,10.0,7.0,6.0,2.0,2.0,2.0,3.08,3.0,3.0,3.0,3.0,3.0,3.0,3.0,3.0,3.11,4.0,4.0,9.0,1.0,4.0,4.0,3.96,4.0,4.0,3.69,5.0,5.0,5.0,4.09,5.1,5.0,4.11,5.0,5.0,1.0,6.0,6.0,5.56,6.0,6.0,5.98,6.0,1.0,6.0,5.84,6.93,7.0,7.0,7.0,7.0,7.0,7.0,3.0,7.0,5.78,8.0,8.0,8.0,8.0,4.0,7.29,8.0,7.38,8.0,1.0,1.0,9.0,9.0,8.33,8.76,9.0,9.0,9.0,9.0,9.0,10.0,10.0,10.0,10.0,9.29,10.0,10.0,10.0,10.0,8.37
83,83.0,0.99,1.0,1.0,1.0,1.0,0.99,1.48,1.24,1.0,1.0,2.16,2.0,1.98,2.0,2.0,2.0,9.0,8.0,2.0,2.08,5.0,3.0,3.35,3.0,3.0,3.0,3.3,3.0,3.0,3.0,4.0,4.0,4.07,4.0,4.07,4.0,4.0,4.02,4.0,3.69,4.94,5.0,5.0,4.24,5.03,5.0,2.0,5.0,5.0,4.95,5.81,6.0,6.0,5.99,6.0,6.0,6.0,5.55,6.0,6.0,7.0,7.0,7.0,6.88,7.0,6.92,7.0,7.0,7.0,5.28,6.32,8.0,7.31,6.54,8.0,8.0,8.0,6.63,7.41,8.0,7.44,9.0,9.0,5.0,9.0,9.0,7.78,9.0,8.44,9.0,10.0,9.76,9.13,10.0,10.0,9.18,10.0,9.86,10.0,10.0
84,84.0,0.99,0.99,1.0,1.29,1.0,1.0,1.0,1.01,1.34,0.99,6.0,2.05,2.0,2.14,2.0,2.17,2.12,2.0,2.0,2.0,3.0,3.0,3.0,3.09,3.0,3.17,3.32,3.0,3.0,3.12,4.0,4.0,4.13,3.97,4.0,9.0,4.07,4.0,4.0,4.0,4.94,4.95,9.0,5.0,5.0,5.0,4.1,5.0,5.0,4.95,5.33,5.4,6.0,6.0,6.0,5.98,6.0,6.0,6.0,5.73,7.0,7.0,6.7,7.0,10.0,7.0,6.93,7.0,5.67,7.0,8.0,8.0,8.0,8.0,8.0,8.0,8.0,8.0,5.0,8.0,9.0,7.56,9.0,9.0,9.0,8.9,9.0,9.0,9.0,9.0,10.0,10.0,9.38,10.0,9.29,10.0,10.0,9.84,9.9,10.0
85,85.0,1.0,1.0,1.0,1.13,1.0,0.99,8.0,1.24,1.25,1.0,2.0,2.0,2.0,2.0,2.0,2.01,2.14,2.27,2.0,2.07,3.1,3.0,3.0,3.0,3.0,10.0,3.0,2.98,3.0,3.13,4.0,4.01,4.0,4.0,4.05,4.03,4.0,4.0,4.0,3.65,4.93,5.0,5.03,9.0,5.02,4.52,5.0,5.0,5.0,5.0,5.74,6.0,6.0,6.0,6.0,5.97,6.0,10.0,6.0,6.0,7.0,7.0,7.0,6.76,6.56,7.0,7.0,7.0,5.57,5.03,6.25,8.0,8.0,1.0,7.1,7.3,8.0,8.0,8.0,7.13,9.0,7.45,9.0,6.91,9.0,8.88,9.0,9.0,9.0,9.0,9.88,10.0,8.72,10.0,10.0,9.03,8.07,9.83,10.0,10.0
86,86.0,0.99,0.99,1.0,1.0,1.0,1.0,1.52,1.0,1.42,0.99,2.0,2.06,2.0,2.0,2.0,1.99,2.0,2.29,2.12,2.07,3.0,3.0,3.37,3.09,3.08,8.0,3.0,3.0,3.0,3.0,3.96,4.01,4.0,3.97,8.0,4.0,8.0,3.96,4.0,4.0,5.0,5.0,5.0,8.0,5.0,5.0,3.93,5.02,5.0,5.0,5.19,5.31,6.0,6.0,6.0,6.0,6.0,6.0,6.0,6.0,7.0,7.0,7.0,7.0,6.89,7.0,7.0,10.0,1.0,4.74,5.98,8.0,7.18,6.94,8.0,7.81,8.0,1.0,7.31,8.0,9.0,6.97,9.0,4.0,8.91,8.86,9.0,9.0,9.0,9.0,8.97,10.0,10.0,9.89,10.0,9.34,8.55,9.8,10.0,10.0
87,87.0,1.0,0.99,1.0,1.1,1.0,1.0,1.0,1.0,8.0,0.99,2.0,2.0,2.0,2.17,2.06,1.99,2.0,2.28,2.0,2.0,3.0,3.0,8.0,3.09,3.08,2.99,3.34,3.0,3.0,3.0,4.0,4.0,7.0,4.01,4.0,4.0,4.0,4.0,4.0,4.0,5.0,5.01,5.03,1.0,5.0,4.6,5.0,5.02,5.0,5.0,5.82,5.23,3.0,6.0,6.0,6.0,9.0,6.0,5.4,6.0,7.0,7.0,7.0,6.75,6.96,7.0,7.0,6.43,6.62,5.05,8.0,7.91,7.3,8.0,8.0,8.0,8.0,8.0,7.49,6.63,4.0,9.0,9.0,9.0,9.0,8.88,6.28,9.0,8.45,9.0,8.99,9.09,10.0,10.0,6.0,10.0,8.59,10.0,10.0,10.0
88,88.0,1.0,0.99,1.0,1.0,1.0,7.0,1.33,1.0,1.72,0.99,2.0,2.06,2.0,2.01,2.0,2.0,2.0,2.0,2.0,8.0,3.22,3.0,3.31,3.0,3.0,3.0,3.34,3.11,3.0,3.0,4.0,4.0,4.0,4.0,4.07,4.0,9.0,3.95,3.62,4.0,5.02,5.02,5.0,4.17,5.03,5.0,5.0,5.03,5.0,5.0,6.0,1.0,6.0,5.99,5.94,5.97,6.0,6.0,6.0,6.0,6.93,7.0,7.0,3.0,7.0,7.0,7.0,7.0,7.0,7.0,8.0,8.0,8.0,8.0,7.91,8.0,8.0,2.0,7.29,8.0,9.0,9.0,8.24,9.0,9.0,8.85,7.35,9.0,9.0,9.0,10.0,10.0,10.0,10.0,2.0,10.0,10.0,10.0,1.0,10.0
89,89.0,1.0,1.0,1.0,1.13,1.0,1.21,1.29,1.03,1.0,1.0,2.0,2.0,1.98,2.0,2.0,2.0,2.0,2.29,2.0,10.0,3.0,2.97,3.31,3.0,3.0,3.0,7.0,3.0,3.0,7.0,4.0,4.01,4.0,4.0,4.07,4.0,4.0,4.02,4.0,3.69,4.94,5.0,5.03,5.0,5.0,4.54,5.0,5.03,5.0,5.0,5.88,6.0,5.56,6.0,6.0,10.0,6.0,5.51,5.31,5.9,7.0,7.0,7.0,6.32,6.95,6.92,7.0,7.0,7.0,4.74,8.0,7.91,5.0,8.0,7.91,8.0,8.0,6.68,8.0,8.0,7.08,9.0,9.0,9.0,9.0,9.0,9.0,9.0,8.72,9.0,10.0,8.88,8.86,9.9,9.16,10.0,4.0,9.83,10.0,10.0
90,90.0,1.0,0.99,1.0,1.0,1.0,1.0,1.31,1.0,1.4,1.0,2.0,2.0,1.98,2.0,2.0,2.0,2.0,2.31,2.0,2.06,3.24,3.0,3.37,9.0,3.0,2.98,3.35,3.12,3.0,3.0,4.13,4.01,4.09,3.96,3.97,4.0,4.0,4.0,3.62,4.0,4.93,5.0,5.0,5.0,5.03,5.0,3.86,5.03,10.0,4.93,5.81,5.2,5.5,5.99,5.94,5.98,6.0,10.0,6.0,6.0,7.0,10.0,7.0,6.7,6.95,7.0,7.0,7.0,7.0,1.0,6.16,8.0,7.26,8.0,8.0,8.0,8.0,8.0,8.0,7.16,5.0,9.0,8.24,9.0,9.0,9.0,9.0,8.91,9.0,9.0,8.81,10.0,6.0,10.0,10.0,10.0,10.0,10.0,10.0,4.0
91,91.0,1.0,1.0,10.0,1.3,1.0,0.99,1.0,1.0,8.0,1.0,2.35,2.0,2.0,2.0,2.0,2.0,2.12,2.13,2.2,2.0,3.0,3.0,3.0,3.0,6.0,3.0,3.35,3.0,3.0,2.99,4.0,1.0,4.0,4.0,10.0,4.0,4.0,4.0,3.57,3.69,5.0,5.0,5.0,5.0,5.15,4.47,5.0,5.0,4.95,5.0,6.0,6.0,6.0,6.0,9.0,6.0,6.0,5.47,6.0,6.0,6.93,4.0,6.24,7.0,6.85,7.0,7.0,7.0,7.0,7.0,8.0,8.0,8.0,6.66,8.0,7.29,8.0,8.0,8.0,6.91,9.0,9.0,5.0,8.05,8.9,9.0,9.0,9.0,9.0,9.0,8.32,8.64,10.0,10.0,10.0,5.0,7.0,9.85,10.0,6.0
92,92.0,1.0,0.99,1.0,10.0,1.0,1.0,1.48,1.0,1.27,1.0,2.0,2.0,2.0,2.17,2.0,2.17,2.0,2.0,2.0,2.0,3.0,3.0,3.29,3.0,3.0,3.0,3.25,3.14,3.0,3.0,3.97,4.01,3.98,4.0,4.0,4.0,4.0,4.0,4.0,1.0,4.91,5.0,5.03,5.0,5.15,4.83,3.77,5.0,5.0,4.93,6.0,1.0,6.0,9.0,5.93,6.0,5.94,5.48,6.0,6.0,6.93,7.0,7.0,6.77,7.0,7.0,6.91,7.0,7.0,3.0,8.0,8.0,8.0,6.43,8.0,8.0,8.0,8.0,8.0,8.0,9.0,7.54,9.0,9.0,9.0,8.88,9.0,9.0,9.0,7.47,10.0,10.0,10.0,10.0,10.0,10.0,10.0,10.0,10.0,10.0
93,93.0,1.0,0.99,1.32,1.35,1.14,1.0,1.0,0.99,1.0,1.0,2.38,2.24,2.0,2.0,2.17,2.0,2.0,2.0,10.0,2.0,3.0,2.97,3.39,2.98,3.0,3.0,3.36,3.0,3.0,3.0,4.07,4.0,4.0,4.0,4.02,4.05,4.0,4.0,3.51,4.0,5.0,5.01,5.0,5.0,9.0,5.0,5.0,5.03,5.0,5.0,9.0,6.0,6.0,5.99,6.0,5.98,6.0,6.0,6.0,6.0,7.0,6.53,7.0,7.0,7.0,7.0,7.0,7.0,7.0,7.0,8.0,8.0,7.28,3.0,8.0,8.0,5.0,8.0,8.0,6.75,6.93,6.84,3.0,9.0,9.0,9.0,7.78,9.0,9.0,7.22,9.23,4.0,10.0,9.4,10.0,8.39,4.0,10.0,10.0,10.0
94,94.0,1.0,1.0,6.0,1.0,1.0,1.0,1.0,1.0,4.0,0.99,2.2,2.0,2.0,1.99,2.0,2.0,2.0,2.0,2.0,2.0,7.0,2.97,3.31,3.0,3.0,3.0,3.37,3.0,8.0,2.97,4.0,3.69,4.0,4.0,4.0,4.0,10.0,4.0,4.0,3.93,5.0,5.02,5.0,5.0,5.0,8.0,3.71,5.0,4.99,5.0,6.0,5.61,6.0,6.0,5.99,5.94,6.0,6.0,6.0,6.0,7.0,6.56,7.0,7.0,7.0,6.92,6.91,7.0,7.0,7.0,8.0,7.9,8.0,6.68,7.91,8.0,7.92,1.0,8.0,8.0,4.0,9.0,9.0,9.0,9.0,8.84,4.0,8.19,9.0,9.0,3.0,10.0,10.0,10.0,10.0,10.0,10.0,10.0,10.0,7.76
95,95.0,0.99,1.0,1.0,1.14,1.0,1.0,10.0,1.0,1.0,1.0,2.0,2.0,2.0,2.0,1.99,2.01,2.0,2.31,2.0,2.0,3.0,3.0,3.36,3.0,3.0,3.0,3.0,3.0,2.97,3.0,3.97,10.0,4.0,4.0,4.0,4.0,4.0,4.0,3.51,3.6,5.0,5.0,5.0,5.0,5.0,5.0,5.0,5.03,5.0,5.0,6.0,6.0,6.0,6.0,6.0,6.0,6.0,6.0,5.3,5.86,7.0,7.0,7.0,7.0,7.0,7.0,6.91,6.43,4.0,7.0,6.66,8.0,8.0,8.0,7.63,8.0,8.0,8.0,7.19,8.0,9.0,6.0,9.0,9.0,9.0,9.0,9.0,9.0,9.0,5.0,9.53,8.85,10.0,10.0,9.49,9.09,7.7,9.78,10.0,5.0
96,96.0,1.0,1.0,1.0,1.0,1.0,1.0,1.0,1.03,1.0,0.99,2.0,2.26,2.0,2.0,2.0,2.0,2.13,2.0,2.0,2.0,3.12,2.97,9.0,3.0,3.19,3.0,3.37,3.0,3.0,3.0,4.09,4.0,4.0,4.0,4.0,4.0,4.0,4.0,1.0,10.0,5.0,5.0,5.0,4.06,5.0,1.0,5.0,5.0,5.0,5.0,5.78,5.08,6.0,6.0,6.0,6.0,6.0,6.0,6.0,5.73,7.0,7.0,6.24,6.69,7.0,7.0,6.92,7.0,7.0,5.4,2.0,8.0,6.93,6.31,7.21,3.0,8.0,8.0,8.0,4.0,6.53,6.0,4.0,9.0,8.9,8.87,9.0,9.0,9.0,9.0,8.4,10.0,10.0,10.0,10.0,7.0,7.65,10.0,10.0,10.0
97,97.0,1.0,1.0,1.1,1.14,1.0,1.0,1.0,1.02,1.3,0.99,2.0,2.0,1.98,2.0,1.98,1.99,2.14,2.36,2.0,2.0,3.0,3.0,3.33,2.99,3.1,3.0,7.0,3.0,3.0,3.14,3.96,4.01,4.0,3.96,4.0,4.0,4.0,4.0,3.56,4.0,5.0,5.0,5.03,1.0,5.0,4.3,3.81,9.0,5.0,4.93,6.0,6.0,6.0,6.0,6.0,6.0,6.0,2.0,1.0,6.0,6.92,7.0,7.0,7.0,6.95,7.0,7.0,7.0,7.0,7.0,6.58,7.89,6.97,8.0,8.0,7.29,7.49,8.0,8.0,8.0,6.94,4.0,7.48,9.0,8.9,9.0,6.0,9.0,8.67,9.0,10.0,10.0,10.0,10.0,10.0,10.0,7.04,10.0,10.0,10.0
98,98.0,1.0,1.0,1.47,1.0,1.0,1.0,1.0,1.0,1.0,1.0,2.4,10.0,1.97,2.0,2.0,2.0,2.14,2.0,9.0,2.0,3.24,2.96,3.0,3.08,3.0,3.0,3.41,7.0,3.1,3.0,4.0,3.97,3.98,4.0,4.0,4.06,4.0,4.0,4.0,4.0,4.9,5.0,5.0,5.0,8.0,4.85,1.0,5.0,5.0,4.91,5.86,6.0,5.8,6.0,5.92,5.97,6.0,6.0,5.3,5.86,7.0,7.0,6.76,7.0,7.0,7.0,7.0,7.0,7.0,5.02,8.0,7.89,7.31,8.0,8.0,8.0,8.0,4.0,7.26,8.0,6.41,6.95,9.0,9.0,9.0,9.0,7.37,9.0,9.0,9.0,10.0,8.56,10.0,10.0,10.0,10.0,10.0,9.75,10.0,7.99
99,99.0,1.0,1.0,1.0,1.0,1.15,1.0,1.0,1.0,1.48,1.0,2.0,2.0,2.0,2.01,2.06,2.0,2.14,9.0,2.0,2.0,3.0,2.95,3.0,3.0,9.0,3.0,3.0,3.13,3.0,3.0,4.0,4.0,4.0,4.0,4.0,4.0,4.0,4.0,4.0,4.0,5.0,9.0,5.0,5.0,5.0,5.0,3.62,5.03,5.0,4.89,6.0,6.0,6.0,6.0,6.0,6.0,6.0,6.0,6.0,6.0,7.0,6.88,7.0,6.68,7.0,7.0,6.89,3.0,7.0,7.0,8.0,7.85,6.74,3.0,7.84,8.0,8.0,6.95,7.05,7.37,6.02,9.0,9.0,9.0,9.0,9.0,9.0,9.0,6.0,1.0,10.0,10.0,8.81,9.77,10.0,9.31,7.17,10.0,10.0,8.03
