,0,1,2,3,4,5,6,7,8,9,10,11,12,13,14,15,16,17,18,19,20,21,22,23,24,25,26,27,28,29,30,31,32,33,34,35,36,37,38,39,40,41,42,43,44,45,46,47,48,49,50,51,52,53,54,55,56,57,58,59,60,61,62,63,64,65,66,67,68,69,70,71,72,73,74,75,76,77,78,79,80,81,82,83,84,85,86,87,88,89,90,91,92,93,94,95,96,97,98,99,100,101,102,103,104,105,106,107,108,109,110,111,112,113,114,115,116,117,118,119,120,121,122,123,124,125,126,127,128,129,130,131,132,133,134,135,136,137,138,139,140,141,142,143,144,145,146,147,148,149,150,151,152,153,154,155,156,157,158,159,160,161,162,163,164,165,166,167,168,169,170,171,172,173,174,175,176,177,178,179,180,181,182,183,184,185,186,187,188,189,190,191,192,193,194,195,196,197,198,199,200
0,0.0,1.0,1.0,1.0,1.0,2.0,1.0,1.0,1.0,1.0,1.0,1.0,1.0,1.0,1.0,1.0,1.0,1.0,1.0,1.0,1.0,2.0,2.0,2.0,2.0,2.0,3.0,2.0,2.0,2.0,2.0,2.0,2.0,2.0,2.0,2.0,2.0,2.0,2.0,1.0,2.0,3.0,4.0,3.0,3.0,3.0,3.0,3.0,3.0,3.0,0.0,0.0,3.0,3.0,3.0,3.0,3.0,3.0,3.0,3.0,3.0,4.0,0.0,4.0,4.0,4.0,4.0,4.0,4.0,4.0,4.0,4.0,4.0,2.0,4.0,4.0,0.0,4.0,4.0,4.0,4.0,5.0,5.0,5.0,5.0,5.0,5.0,5.0,5.0,5.0,0.0,5.0,5.0,5.0,5.0,4.0,5.0,5.0,5.0,5.0,7.0,6.0,6.0,6.0,6.0,6.0,0.0,6.0,6.0,0.0,6.0,6.0,6.0,5.0,6.0,6.0,6.0,0.0,6.0,6.0,6.0,0.0,7.0,7.0,7.0,0.0,7.0,7.0,7.0,7.0,7.0,7.0,0.0,7.0,7.0,5.0,7.0,7.0,7.0,7.0,7.0,8.0,8.0,8.0,8.0,8.0,8.0,0.0,8.0,8.0,8.0,8.0,0.0,8.0,0.0,8.0,8.0,0.0,8.0,8.0,8.0,9.0,9.0,9.0,0.0,9.0,9.0,0.0,9.0,0.0,9.0,9.0,9.0,9.0,9.0,0.0,9.0,0.0,9.0,0.0,9.0,10.0,0.0,10.0,10.0,10.0,10.0,10.0,0.0,10.0,10.0,10.0,0.0,10.0,0.0,10.0,0.0,9.0,10.0,10.0,10.0
1,1.0,1.0,1.0,1.0,1.0,1.0,0.0,0.0,1.0,1.0,0.0,0.0,1.0,1.0,0.0,1.0,1.0,1.0,0.0,1.0,1.0,2.0,2.0,2.0,2.0,2.0,2.0,2.0,2.0,0.0,0.0,2.0,2.0,0.0,2.0,2.0,2.0,2.0,2.0,2.0,2.0,3.0,3.0,3.0,0.0,3.0,3.0,3.0,3.0,3.0,5.0,3.0,3.0,3.0,0.0,0.0,0.0,3.0,3.0,0.0,3.0,4.0,6.0,4.0,4.0,4.0,4.0,4.0,4.0,4.0,5.0,3.0,4.0,4.0,4.0,0.0,0.0,4.0,4.0,4.0,4.0,5.0,5.0,5.0,5.0,5.0,0.0,0.0,5.0,5.0,5.0,5.0,5.0,5.0,5.0,5.0,5.0,5.0,5.0,5.0,5.0,6.0,6.0,6.0,6.0,6.0,6.0,5.0,6.0,6.0,6.0,6.0,0.0,0.0,6.0,6.0,6.0,0.0,6.0,6.0,6.0,5.0,7.0,7.0,7.0,7.0,5.0,7.0,0.0,0.0,9.0,7.0,7.0,5.0,7.0,5.0,7.0,7.0,6.0,7.0,7.0,8.0,8.0,8.0,8.0,0.0,8.0,6.0,0.0,8.0,8.0,8.0,8.0,8.0,8.0,8.0,8.0,0.0,8.0,8.0,8.0,0.0,9.0,9.0,9.0,0.0,9.0,9.0,9.0,9.0,7.0,9.0,9.0,9.0,9.0,9.0,9.0,9.0,9.0,9.0,9.0,0.0,10.0,10.0,10.0,9.0,0.0,10.0,10.0,10.0,10.0,0.0,10.0,10.0,10.0,10.0,8.0,10.0,10.0,10.0,10.0
2,2.0,1.0,1.0,1.0,1.0,1.0,1.0,1.0,0.0,1.0,1.0,1.0,0.0,1.0,1.0,2.0,1.0,1.0,1.0,1.0,3.0,2.0,2.0,2.0,2.0,2.0,2.0,2.0,2.0,2.0,2.0,2.0,2.0,2.0,2.0,2.0,2.0,2.0,2.0,0.0,2.0,3.0,3.0,3.0,3.0,3.0,3.0,2.0,0.0,3.0,0.0,3.0,3.0,3.0,3.0,3.0,3.0,3.0,3.0,0.0,3.0,4.0,4.0,0.0,0.0,4.0,4.0,4.0,4.0,4.0,4.0,6.0,4.0,4.0,4.0,4.0,4.0,6.0,4.0,4.0,4.0,5.0,5.0,5.0,5.0,5.0,5.0,5.0,4.0,5.0,5.0,5.0,5.0,5.0,5.0,5.0,5.0,0.0,5.0,5.0,5.0,6.0,6.0,6.0,6.0,6.0,6.0,6.0,6.0,0.0,6.0,6.0,6.0,6.0,6.0,6.0,6.0,4.0,0.0,6.0,6.0,7.0,7.0,7.0,7.0,7.0,7.0,7.0,7.0,7.0,7.0,7.0,7.0,7.0,7.0,0.0,0.0,9.0,7.0,7.0,7.0,8.0,8.0,8.0,8.0,8.0,8.0,8.0,8.0,8.0,8.0,8.0,8.0,8.0,8.0,8.0,8.0,8.0,8.0,8.0,0.0,7.0,9.0,9.0,9.0,9.0,9.0,9.0,0.0,9.0,9.0,0.0,9.0,9.0,9.0,9.0,9.0,9.0,9.0,9.0,9.0,10.0,10.0,10.0,0.0,10.0,8.0,10.0,10.0,10.0,10.0,10.0,10.0,10.0,0.0,0.0,10.0,10.0,10.0,10.0,10.0
3,3.0,1.0,1.0,1.0,1.0,0.0,1.0,1.0,1.0,1.0,1.0,1.0,1.0,1.0,0.0,1.0,1.0,1.0,1.0,1.0,1.0,2.0,2.0,2.0,2.0,2.0,2.0,2.0,2.0,2.0,2.0,2.0,2.0,2.0,2.0,2.0,2.0,2.0,2.0,3.0,2.0,3.0,3.0,0.0,3.0,3.0,3.0,3.0,3.0,3.0,5.0,3.0,2.0,3.0,3.0,3.0,3.0,3.0,3.0,3.0,1.0,0.0,4.0,4.0,4.0,4.0,3.0,4.0,5.0,4.0,4.0,4.0,0.0,0.0,0.0,4.0,4.0,4.0,4.0,4.0,4.0,5.0,5.0,0.0,5.0,5.0,0.0,5.0,5.0,5.0,5.0,5.0,5.0,5.0,5.0,5.0,5.0,5.0,5.0,5.0,5.0,6.0,6.0,6.0,6.0,6.0,6.0,6.0,6.0,0.0,6.0,6.0,6.0,0.0,6.0,6.0,6.0,6.0,6.0,0.0,6.0,7.0,0.0,7.0,7.0,7.0,0.0,7.0,7.0,7.0,7.0,7.0,7.0,7.0,7.0,7.0,6.0,7.0,7.0,7.0,7.0,8.0,8.0,8.0,8.0,10.0,8.0,8.0,0.0,8.0,7.0,0.0,8.0,8.0,8.0,8.0,8.0,8.0,8.0,8.0,8.0,0.0,9.0,9.0,9.0,9.0,9.0,9.0,9.0,9.0,9.0,9.0,9.0,9.0,9.0,9.0,9.0,9.0,9.0,9.0,9.0,10.0,10.0,10.0,10.0,10.0,10.0,10.0,10.0,10.0,10.0,10.0,10.0,10.0,10.0,0.0,10.0,10.0,10.0,10.0,10.0
4,4.0,0.0,1.0,1.0,1.0,1.0,1.0,0.0,1.0,1.0,1.0,1.0,1.0,1.0,1.0,0.0,1.0,1.0,1.0,1.0,1.0,2.0,2.0,1.0,2.0,0.0,2.0,2.0,2.0,2.0,2.0,2.0,2.0,2.0,2.0,2.0,3.0,2.0,2.0,2.0,2.0,3.0,3.0,3.0,3.0,3.0,3.0,0.0,0.0,3.0,3.0,3.0,3.0,3.0,1.0,1.0,3.0,2.0,4.0,3.0,3.0,4.0,6.0,4.0,4.0,0.0,4.0,4.0,4.0,4.0,4.0,4.0,4.0,0.0,4.0,4.0,4.0,4.0,4.0,4.0,4.0,5.0,5.0,5.0,0.0,5.0,5.0,0.0,5.0,0.0,5.0,5.0,6.0,5.0,5.0,7.0,0.0,5.0,5.0,5.0,5.0,6.0,6.0,0.0,6.0,6.0,6.0,6.0,6.0,6.0,6.0,6.0,6.0,6.0,6.0,6.0,0.0,6.0,0.0,6.0,0.0,0.0,7.0,7.0,7.0,7.0,5.0,7.0,7.0,7.0,0.0,7.0,7.0,7.0,7.0,7.0,7.0,7.0,7.0,7.0,7.0,8.0,0.0,8.0,8.0,0.0,0.0,8.0,8.0,8.0,8.0,8.0,8.0,8.0,8.0,0.0,8.0,8.0,8.0,8.0,8.0,9.0,9.0,0.0,9.0,9.0,9.0,9.0,9.0,9.0,9.0,9.0,9.0,0.0,9.0,0.0,9.0,9.0,9.0,9.0,9.0,10.0,10.0,10.0,10.0,10.0,10.0,10.0,0.0,10.0,10.0,0.0,10.0,10.0,0.0,10.0,10.0,10.0,8.0,10.0,0.0
5,5.0,1.0,1.0,1.0,1.0,1.0,1.0,1.0,1.0,3.0,1.0,1.0,1.0,1.0,1.0,1.0,1.0,1.0,1.0,1.0,3.0,0.0,2.0,2.0,2.0,1.0,4.0,2.0,3.0,2.0,0.0,2.0,2.0,2.0,2.0,2.0,2.0,2.0,2.0,2.0,2.0,3.0,3.0,3.0,3.0,5.0,0.0,3.0,3.0,3.0,3.0,3.0,3.0,3.0,3.0,3.0,3.0,3.0,3.0,3.0,3.0,4.0,4.0,4.0,4.0,4.0,4.0,4.0,4.0,4.0,4.0,4.0,4.0,4.0,4.0,4.0,4.0,4.0,4.0,4.0,4.0,5.0,5.0,5.0,5.0,3.0,5.0,5.0,5.0,0.0,5.0,5.0,0.0,5.0,5.0,5.0,5.0,5.0,5.0,5.0,5.0,6.0,6.0,6.0,6.0,6.0,6.0,8.0,4.0,6.0,6.0,6.0,6.0,6.0,6.0,6.0,6.0,6.0,6.0,6.0,6.0,7.0,7.0,7.0,7.0,7.0,7.0,7.0,7.0,7.0,7.0,0.0,7.0,7.0,7.0,7.0,0.0,7.0,7.0,7.0,7.0,8.0,8.0,9.0,8.0,8.0,8.0,8.0,8.0,8.0,8.0,0.0,8.0,10.0,10.0,0.0,8.0,8.0,10.0,8.0,8.0,9.0,9.0,9.0,0.0,9.0,9.0,9.0,9.0,9.0,9.0,0.0,9.0,8.0,9.0,0.0,10.0,9.0,9.0,9.0,9.0,10.0,10.0,10.0,10.0,10.0,10.0,10.0,10.0,10.0,10.0,10.0,0.0,10.0,10.0,10.0,10.0,10.0,10.0,10.0,10.0
6,6.0,1.0,1.0,1.0,0.0,1.0,1.0,1.0,1.0,1.0,2.0,1.0,1.0,3.0,1.0,0.0,1.0,2.0,2.0,1.0,1.0,2.0,2.0,2.0,0.0,2.0,2.0,2.0,2.0,2.0,2.0,3.0,4.0,2.0,2.0,2.0,0.0,2.0,0.0,0.0,0.0,3.0,3.0,3.0,3.0,3.0,3.0,3.0,3.0,3.0,3.0,3.0,3.0,3.0,3.0,3.0,3.0,4.0,3.0,3.0,3.0,0.0,4.0,0.0,4.0,0.0,4.0,4.0,4.0,4.0,4.0,4.0,4.0,4.0,4.0,4.0,4.0,4.0,4.0,4.0,4.0,5.0,5.0,5.0,5.0,0.0,5.0,5.0,5.0,5.0,5.0,3.0,5.0,5.0,5.0,5.0,0.0,0.0,5.0,5.0,5.0,0.0,0.0,7.0,6.0,6.0,6.0,6.0,0.0,6.0,6.0,6.0,6.0,6.0,4.0,6.0,6.0,6.0,6.0,6.0,6.0,7.0,7.0,7.0,0.0,7.0,7.0,9.0,7.0,7.0,7.0,7.0,7.0,7.0,7.0,0.0,7.0,7.0,7.0,7.0,0.0,0.0,8.0,8.0,8.0,8.0,8.0,8.0,8.0,8.0,9.0,8.0,8.0,8.0,8.0,8.0,8.0,8.0,8.0,8.0,8.0,9.0,9.0,0.0,9.0,9.0,9.0,9.0,0.0,9.0,9.0,9.0,9.0,9.0,9.0,9.0,9.0,9.0,9.0,9.0,9.0,10.0,10.0,10.0,10.0,0.0,10.0,10.0,10.0,10.0,10.0,10.0,10.0,10.0,10.0,0.0,0.0,10.0,0.0,10.0,10.0
7,7.0,1.0,1.0,1.0,1.0,0.0,1.0,1.0,0.0,1.0,1.0,1.0,1.0,1.0,1.0,1.0,2.0,1.0,1.0,1.0,2.0,0.0,2.0,0.0,2.0,2.0,2.0,2.0,3.0,2.0,0.0,2.0,2.0,0.0,2.0,2.0,2.0,2.0,2.0,2.0,2.0,3.0,3.0,3.0,3.0,3.0,3.0,3.0,3.0,3.0,3.0,3.0,3.0,3.0,3.0,3.0,3.0,0.0,3.0,3.0,0.0,4.0,4.0,4.0,4.0,4.0,0.0,4.0,4.0,4.0,4.0,5.0,4.0,4.0,4.0,3.0,4.0,5.0,4.0,4.0,4.0,5.0,5.0,5.0,0.0,5.0,5.0,5.0,5.0,5.0,5.0,5.0,3.0,5.0,5.0,5.0,4.0,5.0,0.0,5.0,5.0,6.0,0.0,6.0,6.0,6.0,6.0,6.0,6.0,6.0,7.0,6.0,6.0,6.0,6.0,6.0,6.0,0.0,6.0,6.0,6.0,7.0,9.0,7.0,7.0,7.0,7.0,7.0,7.0,7.0,7.0,7.0,7.0,7.0,7.0,7.0,0.0,7.0,7.0,7.0,7.0,8.0,8.0,6.0,8.0,8.0,8.0,8.0,8.0,8.0,8.0,0.0,8.0,8.0,8.0,8.0,8.0,8.0,8.0,8.0,8.0,9.0,9.0,9.0,0.0,9.0,9.0,0.0,9.0,9.0,9.0,9.0,9.0,9.0,9.0,9.0,0.0,9.0,9.0,8.0,9.0,10.0,10.0,10.0,0.0,10.0,10.0,10.0,10.0,10.0,10.0,10.0,0.0,0.0,10.0,10.0,8.0,9.0,10.0,10.0,10.0
8,8.0,1.0,1.0,1.0,1.0,0.0,3.0,3.0,1.0,1.0,1.0,2.0,1.0,1.0,1.0,1.0,1.0,0.0,1.0,1.0,1.0,2.0,2.0,3.0,2.0,3.0,0.0,4.0,3.0,2.0,2.0,2.0,2.0,2.0,2.0,2.0,0.0,2.0,2.0,2.0,2.0,3.0,3.0,3.0,3.0,3.0,3.0,3.0,3.0,3.0,3.0,3.0,3.0,3.0,0.0,3.0,3.0,3.0,3.0,1.0,3.0,4.0,4.0,4.0,4.0,4.0,4.0,4.0,4.0,4.0,4.0,4.0,4.0,4.0,4.0,3.0,4.0,4.0,4.0,4.0,4.0,5.0,5.0,5.0,5.0,0.0,5.0,0.0,0.0,7.0,5.0,5.0,5.0,0.0,0.0,5.0,5.0,5.0,5.0,5.0,5.0,6.0,6.0,6.0,6.0,6.0,6.0,6.0,6.0,6.0,6.0,6.0,6.0,6.0,6.0,0.0,6.0,6.0,6.0,8.0,6.0,7.0,7.0,0.0,7.0,7.0,0.0,7.0,8.0,7.0,7.0,7.0,7.0,7.0,7.0,6.0,7.0,7.0,7.0,7.0,7.0,8.0,8.0,8.0,8.0,8.0,8.0,8.0,8.0,8.0,8.0,0.0,8.0,8.0,8.0,8.0,8.0,8.0,8.0,8.0,8.0,9.0,9.0,0.0,9.0,9.0,9.0,9.0,7.0,9.0,9.0,9.0,9.0,0.0,9.0,9.0,9.0,9.0,9.0,9.0,7.0,10.0,10.0,8.0,10.0,8.0,10.0,10.0,10.0,10.0,0.0,10.0,10.0,10.0,10.0,10.0,10.0,10.0,10.0,10.0,10.0
9,9.0,1.0,1.0,1.0,1.0,1.0,1.0,1.0,1.0,1.0,1.0,1.0,0.0,1.0,1.0,0.0,1.0,1.0,0.0,1.0,1.0,2.0,2.0,0.0,3.0,0.0,2.0,3.0,2.0,2.0,2.0,2.0,2.0,2.0,2.0,2.0,3.0,0.0,0.0,2.0,2.0,3.0,3.0,0.0,3.0,3.0,3.0,3.0,3.0,0.0,3.0,3.0,4.0,3.0,3.0,3.0,3.0,3.0,3.0,3.0,3.0,1.0,4.0,4.0,4.0,0.0,4.0,4.0,4.0,4.0,4.0,4.0,0.0,4.0,4.0,4.0,4.0,4.0,4.0,4.0,4.0,0.0,5.0,5.0,5.0,5.0,5.0,6.0,5.0,5.0,5.0,5.0,5.0,0.0,5.0,5.0,5.0,5.0,5.0,5.0,5.0,6.0,6.0,6.0,6.0,6.0,6.0,6.0,7.0,6.0,6.0,6.0,6.0,6.0,6.0,6.0,6.0,6.0,6.0,6.0,6.0,0.0,7.0,7.0,7.0,7.0,7.0,7.0,7.0,7.0,7.0,7.0,7.0,7.0,0.0,7.0,7.0,7.0,7.0,7.0,7.0,8.0,8.0,8.0,8.0,0.0,8.0,0.0,9.0,8.0,8.0,8.0,8.0,8.0,8.0,8.0,0.0,0.0,8.0,8.0,8.0,0.0,10.0,9.0,9.0,9.0,9.0,9.0,8.0,10.0,9.0,9.0,9.0,9.0,9.0,9.0,9.0,9.0,9.0,9.0,9.0,0.0,10.0,10.0,10.0,10.0,10.0,0.0,8.0,10.0,10.0,10.0,10.0,10.0,0.0,10.0,10.0,10.0,10.0,10.0,0.0
10,10.0,0.0,2.0,1.0,1.0,1.0,1.0,1.0,1.0,1.0,0.0,1.0,1.0,0.0,1.0,1.0,1.0,1.0,1.0,0.0,1.0,1.0,2.0,2.0,2.0,0.0,2.0,2.0,2.0,0.0,2.0,2.0,2.0,4.0,2.0,2.0,2.0,2.0,1.0,2.0,2.0,3.0,3.0,3.0,3.0,3.0,1.0,3.0,3.0,3.0,3.0,3.0,3.0,3.0,3.0,3.0,3.0,3.0,3.0,3.0,3.0,4.0,4.0,5.0,4.0,4.0,4.0,4.0,0.0,4.0,4.0,4.0,4.0,4.0,4.0,4.0,4.0,4.0,4.0,4.0,4.0,5.0,5.0,5.0,5.0,5.0,5.0,5.0,0.0,5.0,5.0,5.0,5.0,5.0,5.0,5.0,5.0,5.0,5.0,5.0,5.0,6.0,6.0,6.0,6.0,6.0,6.0,6.0,6.0,6.0,6.0,6.0,6.0,6.0,6.0,6.0,6.0,6.0,0.0,6.0,6.0,7.0,7.0,5.0,7.0,9.0,8.0,7.0,7.0,7.0,7.0,0.0,7.0,0.0,7.0,7.0,7.0,7.0,7.0,0.0,0.0,8.0,8.0,8.0,8.0,0.0,8.0,8.0,8.0,8.0,8.0,8.0,0.0,8.0,8.0,8.0,0.0,8.0,8.0,8.0,8.0,9.0,9.0,9.0,9.0,9.0,9.0,9.0,9.0,9.0,9.0,9.0,9.0,9.0,9.0,8.0,9.0,9.0,9.0,9.0,9.0,10.0,8.0,10.0,10.0,9.0,10.0,9.0,10.0,10.0,10.0,10.0,10.0,10.0,10.0,10.0,10.0,10.0,10.0,10.0,0.0
11,11.0,1.0,0.0,1.0,1.0,1.0,1.0,1.0,1.0,1.0,1.0,1.0,1.0,1.0,1.0,0.0,0.0,1.0,1.0,1.0,1.0,2.0,2.0,2.0,2.0,2.0,2.0,2.0,2.0,2.0,2.0,2.0,2.0,2.0,2.0,2.0,0.0,2.0,2.0,2.0,2.0,0.0,0.0,0.0,3.0,3.0,3.0,3.0,3.0,3.0,3.0,3.0,3.0,3.0,3.0,0.0,3.0,3.0,3.0,3.0,0.0,4.0,4.0,4.0,4.0,4.0,4.0,4.0,4.0,4.0,4.0,4.0,4.0,4.0,4.0,0.0,0.0,4.0,0.0,4.0,4.0,5.0,5.0,5.0,5.0,5.0,5.0,5.0,5.0,5.0,0.0,6.0,5.0,0.0,5.0,0.0,4.0,5.0,5.0,5.0,5.0,0.0,6.0,6.0,6.0,0.0,6.0,8.0,6.0,6.0,6.0,0.0,0.0,6.0,6.0,6.0,6.0,0.0,4.0,0.0,0.0,7.0,7.0,7.0,7.0,8.0,7.0,7.0,7.0,7.0,7.0,7.0,7.0,7.0,0.0,7.0,7.0,7.0,7.0,7.0,7.0,8.0,8.0,8.0,8.0,8.0,8.0,0.0,8.0,8.0,8.0,8.0,0.0,8.0,8.0,0.0,6.0,8.0,8.0,8.0,0.0,9.0,9.0,9.0,9.0,9.0,9.0,9.0,9.0,9.0,9.0,9.0,9.0,9.0,0.0,9.0,9.0,9.0,9.0,9.0,10.0,0.0,10.0,10.0,10.0,10.0,10.0,10.0,10.0,10.0,10.0,10.0,10.0,10.0,10.0,10.0,8.0,8.0,0.0,10.0,8.0
12,12.0,0.0,1.0,1.0,1.0,1.0,1.0,1.0,1.0,1.0,1.0,1.0,1.0,3.0,0.0,1.0,1.0,1.0,1.0,1.0,1.0,0.0,2.0,4.0,2.0,2.0,2.0,2.0,2.0,2.0,2.0,3.0,2.0,2.0,2.0,2.0,0.0,2.0,2.0,2.0,2.0,3.0,3.0,0.0,3.0,3.0,3.0,3.0,3.0,3.0,3.0,3.0,3.0,3.0,0.0,0.0,3.0,3.0,3.0,3.0,3.0,4.0,4.0,4.0,4.0,4.0,4.0,0.0,2.0,2.0,4.0,4.0,4.0,4.0,4.0,4.0,4.0,0.0,4.0,4.0,0.0,5.0,5.0,0.0,5.0,5.0,5.0,5.0,5.0,5.0,5.0,5.0,4.0,5.0,5.0,5.0,5.0,5.0,5.0,5.0,5.0,6.0,6.0,6.0,6.0,6.0,6.0,6.0,6.0,6.0,6.0,6.0,6.0,6.0,6.0,6.0,6.0,6.0,6.0,6.0,6.0,7.0,7.0,7.0,7.0,7.0,7.0,7.0,7.0,7.0,7.0,7.0,7.0,7.0,7.0,7.0,7.0,5.0,0.0,7.0,7.0,8.0,8.0,9.0,8.0,8.0,8.0,8.0,8.0,8.0,8.0,8.0,8.0,0.0,8.0,8.0,8.0,8.0,8.0,8.0,8.0,9.0,9.0,0.0,9.0,9.0,9.0,9.0,9.0,9.0,9.0,9.0,9.0,9.0,9.0,9.0,9.0,9.0,9.0,9.0,9.0,10.0,8.0,10.0,10.0,9.0,10.0,10.0,10.0,10.0,8.0,10.0,10.0,10.0,10.0,10.0,10.0,0.0,10.0,10.0,10.0
13,13.0,1.0,1.0,0.0,1.0,1.0,1.0,1.0,1.0,1.0,1.0,1.0,0.0,1.0,0.0,1.0,1.0,1.0,1.0,1.0,1.0,2.0,0.0,2.0,2.0,2.0,2.0,2.0,2.0,0.0,2.0,2.0,3.0,2.0,2.0,2.0,2.0,2.0,2.0,2.0,0.0,3.0,0.0,3.0,3.0,3.0,3.0,3.0,3.0,3.0,3.0,3.0,3.0,0.0,1.0,3.0,0.0,3.0,3.0,3.0,3.0,4.0,4.0,4.0,4.0,4.0,4.0,4.0,4.0,4.0,4.0,4.0,4.0,4.0,4.0,4.0,4.0,4.0,5.0,4.0,4.0,5.0,5.0,0.0,5.0,7.0,0.0,5.0,3.0,3.0,5.0,5.0,5.0,5.0,5.0,5.0,5.0,5.0,5.0,5.0,5.0,6.0,6.0,6.0,6.0,6.0,0.0,6.0,6.0,6.0,6.0,6.0,6.0,6.0,6.0,6.0,0.0,6.0,6.0,6.0,6.0,7.0,7.0,7.0,7.0,7.0,0.0,0.0,7.0,7.0,7.0,7.0,7.0,7.0,7.0,7.0,7.0,7.0,7.0,7.0,7.0,8.0,8.0,8.0,8.0,8.0,8.0,8.0,8.0,8.0,8.0,8.0,8.0,8.0,8.0,0.0,8.0,8.0,8.0,8.0,8.0,9.0,9.0,9.0,9.0,9.0,9.0,9.0,9.0,9.0,9.0,9.0,9.0,9.0,9.0,0.0,9.0,0.0,9.0,9.0,9.0,10.0,8.0,10.0,10.0,10.0,10.0,10.0,10.0,10.0,10.0,8.0,10.0,10.0,10.0,10.0,10.0,9.0,10.0,10.0,10.0
14,14.0,1.0,1.0,1.0,1.0,1.0,1.0,1.0,1.0,1.0,1.0,1.0,3.0,1.0,1.0,1.0,1.0,1.0,1.0,1.0,1.0,2.0,0.0,2.0,2.0,2.0,2.0,2.0,2.0,2.0,2.0,2.0,2.0,2.0,2.0,2.0,2.0,2.0,2.0,2.0,2.0,0.0,3.0,3.0,3.0,3.0,3.0,3.0,3.0,3.0,3.0,3.0,3.0,3.0,0.0,3.0,3.0,3.0,4.0,5.0,3.0,5.0,0.0,4.0,4.0,4.0,4.0,4.0,4.0,6.0,4.0,4.0,4.0,4.0,4.0,4.0,4.0,4.0,0.0,4.0,3.0,5.0,5.0,5.0,7.0,5.0,0.0,5.0,5.0,0.0,5.0,5.0,5.0,5.0,5.0,5.0,5.0,0.0,5.0,5.0,7.0,6.0,0.0,6.0,6.0,6.0,6.0,6.0,0.0,6.0,6.0,6.0,6.0,4.0,6.0,6.0,6.0,6.0,6.0,6.0,6.0,7.0,7.0,7.0,7.0,7.0,8.0,7.0,7.0,7.0,7.0,7.0,7.0,9.0,5.0,7.0,7.0,7.0,7.0,7.0,7.0,0.0,10.0,8.0,8.0,0.0,8.0,8.0,8.0,8.0,7.0,0.0,8.0,8.0,8.0,8.0,10.0,0.0,8.0,8.0,8.0,9.0,10.0,9.0,9.0,0.0,9.0,9.0,9.0,9.0,9.0,0.0,9.0,8.0,9.0,0.0,7.0,9.0,9.0,9.0,9.0,10.0,10.0,10.0,10.0,10.0,10.0,10.0,10.0,0.0,10.0,0.0,10.0,10.0,10.0,10.0,10.0,10.0,8.0,8.0,10.0
15,15.0,1.0,0.0,1.0,3.0,1.0,0.0,1.0,1.0,1.0,1.0,1.0,1.0,1.0,1.0,1.0,1.0,1.0,1.0,0.0,1.0,0.0,0.0,2.0,2.0,2.0,2.0,2.0,2.0,2.0,2.0,2.0,2.0,2.0,2.0,2.0,2.0,2.0,0.0,2.0,0.0,3.0,3.0,3.0,0.0,3.0,3.0,3.0,3.0,5.0,3.0,0.0,3.0,3.0,3.0,3.0,3.0,0.0,3.0,3.0,3.0,4.0,6.0,6.0,0.0,4.0,4.0,4.0,4.0,4.0,4.0,2.0,4.0,4.0,4.0,4.0,4.0,5.0,4.0,4.0,4.0,5.0,5.0,3.0,5.0,5.0,5.0,5.0,5.0,0.0,5.0,5.0,5.0,0.0,5.0,5.0,5.0,5.0,5.0,5.0,5.0,6.0,6.0,6.0,6.0,6.0,6.0,6.0,6.0,0.0,6.0,6.0,0.0,0.0,6.0,6.0,6.0,5.0,6.0,6.0,6.0,7.0,7.0,7.0,7.0,7.0,7.0,0.0,7.0,7.0,6.0,7.0,7.0,7.0,7.0,7.0,7.0,0.0,7.0,7.0,7.0,8.0,8.0,8.0,8.0,8.0,7.0,0.0,8.0,8.0,8.0,8.0,8.0,8.0,8.0,0.0,8.0,0.0,8.0,8.0,8.0,9.0,9.0,9.0,9.0,10.0,9.0,9.0,9.0,9.0,9.0,9.0,0.0,9.0,9.0,9.0,9.0,9.0,9.0,0.0,9.0,7.0,9.0,9.0,10.0,10.0,10.0,10.0,10.0,10.0,10.0,10.0,10.0,10.0,10.0,10.0,10.0,10.0,10.0,0.0,0.0
16,16.0,1.0,1.0,1.0,1.0,1.0,0.0,1.0,0.0,0.0,1.0,1.0,1.0,1.0,1.0,1.0,1.0,1.0,1.0,1.0,1.0,2.0,0.0,2.0,2.0,2.0,2.0,2.0,4.0,2.0,2.0,2.0,2.0,2.0,2.0,2.0,2.0,2.0,0.0,0.0,2.0,3.0,3.0,3.0,3.0,3.0,3.0,3.0,3.0,3.0,3.0,3.0,3.0,3.0,3.0,3.0,0.0,3.0,3.0,3.0,3.0,4.0,4.0,4.0,4.0,4.0,4.0,4.0,4.0,4.0,4.0,4.0,4.0,4.0,4.0,4.0,4.0,4.0,4.0,4.0,4.0,5.0,5.0,5.0,5.0,0.0,5.0,5.0,5.0,5.0,5.0,5.0,5.0,6.0,5.0,5.0,5.0,5.0,5.0,5.0,5.0,6.0,6.0,6.0,0.0,0.0,6.0,6.0,6.0,6.0,6.0,6.0,6.0,6.0,6.0,6.0,6.0,6.0,6.0,6.0,0.0,7.0,5.0,0.0,7.0,7.0,7.0,0.0,7.0,7.0,7.0,7.0,7.0,7.0,7.0,7.0,7.0,7.0,7.0,7.0,7.0,8.0,8.0,8.0,8.0,8.0,8.0,8.0,8.0,8.0,8.0,8.0,8.0,8.0,8.0,8.0,8.0,8.0,0.0,8.0,0.0,9.0,0.0,9.0,9.0,9.0,9.0,9.0,9.0,7.0,0.0,9.0,9.0,9.0,9.0,9.0,9.0,9.0,9.0,9.0,7.0,10.0,10.0,10.0,0.0,10.0,10.0,10.0,10.0,0.0,10.0,10.0,10.0,10.0,8.0,10.0,10.0,10.0,0.0,10.0,0.0
17,17.0,1.0,1.0,1.0,1.0,1.0,0.0,1.0,1.0,1.0,1.0,1.0,1.0,3.0,0.0,1.0,1.0,1.0,1.0,1.0,2.0,2.0,2.0,3.0,2.0,2.0,2.0,2.0,2.0,2.0,2.0,2.0,2.0,2.0,2.0,2.0,2.0,2.0,2.0,2.0,2.0,0.0,3.0,3.0,3.0,3.0,3.0,3.0,2.0,3.0,3.0,3.0,3.0,3.0,3.0,3.0,3.0,3.0,3.0,3.0,3.0,4.0,4.0,4.0,0.0,2.0,4.0,4.0,2.0,4.0,4.0,4.0,4.0,4.0,4.0,4.0,4.0,4.0,4.0,4.0,4.0,5.0,5.0,5.0,5.0,5.0,5.0,5.0,5.0,5.0,5.0,5.0,5.0,5.0,5.0,5.0,5.0,5.0,5.0,5.0,5.0,6.0,7.0,0.0,6.0,6.0,6.0,5.0,6.0,6.0,6.0,0.0,0.0,6.0,6.0,4.0,6.0,6.0,7.0,0.0,6.0,0.0,0.0,9.0,7.0,7.0,0.0,6.0,5.0,7.0,7.0,7.0,7.0,7.0,7.0,7.0,7.0,7.0,5.0,7.0,7.0,8.0,8.0,8.0,8.0,8.0,8.0,10.0,8.0,8.0,8.0,9.0,8.0,8.0,8.0,8.0,10.0,7.0,8.0,8.0,0.0,9.0,9.0,9.0,9.0,0.0,9.0,9.0,9.0,9.0,9.0,8.0,9.0,9.0,9.0,9.0,9.0,9.0,9.0,9.0,9.0,10.0,10.0,10.0,10.0,10.0,10.0,8.0,10.0,10.0,10.0,10.0,10.0,10.0,10.0,0.0,0.0,10.0,10.0,10.0,10.0
18,18.0,1.0,1.0,3.0,1.0,1.0,1.0,1.0,1.0,1.0,1.0,1.0,1.0,1.0,1.0,1.0,0.0,1.0,1.0,1.0,1.0,2.0,2.0,2.0,2.0,2.0,2.0,2.0,2.0,2.0,2.0,2.0,2.0,2.0,2.0,2.0,2.0,0.0,2.0,2.0,2.0,0.0,3.0,3.0,0.0,3.0,3.0,3.0,3.0,4.0,3.0,3.0,3.0,0.0,3.0,3.0,3.0,3.0,3.0,3.0,3.0,4.0,4.0,4.0,4.0,4.0,4.0,4.0,4.0,4.0,2.0,6.0,0.0,4.0,4.0,4.0,4.0,4.0,2.0,4.0,4.0,5.0,5.0,5.0,5.0,5.0,5.0,5.0,5.0,5.0,5.0,5.0,5.0,5.0,5.0,0.0,5.0,0.0,5.0,3.0,5.0,6.0,6.0,0.0,6.0,6.0,6.0,6.0,6.0,6.0,6.0,6.0,6.0,6.0,6.0,6.0,6.0,0.0,6.0,6.0,6.0,7.0,7.0,7.0,7.0,7.0,0.0,0.0,0.0,8.0,7.0,7.0,0.0,7.0,7.0,7.0,7.0,7.0,7.0,7.0,7.0,8.0,8.0,8.0,8.0,0.0,8.0,8.0,8.0,8.0,8.0,7.0,9.0,8.0,8.0,8.0,8.0,8.0,8.0,8.0,8.0,9.0,9.0,0.0,9.0,9.0,9.0,9.0,9.0,9.0,9.0,9.0,9.0,9.0,9.0,9.0,9.0,9.0,9.0,9.0,9.0,10.0,10.0,8.0,10.0,10.0,10.0,10.0,9.0,10.0,10.0,10.0,10.0,10.0,9.0,10.0,10.0,10.0,10.0,10.0,10.0
19,19.0,1.0,1.0,1.0,1.0,1.0,1.0,1.0,0.0,1.0,0.0,1.0,1.0,1.0,1.0,1.0,1.0,1.0,1.0,3.0,1.0,2.0,2.0,2.0,0.0,2.0,2.0,2.0,2.0,2.0,2.0,2.0,2.0,2.0,0.0,2.0,0.0,2.0,2.0,2.0,3.0,3.0,3.0,3.0,1.0,5.0,3.0,3.0,3.0,3.0,3.0,3.0,3.0,3.0,3.0,5.0,0.0,3.0,3.0,3.0,3.0,4.0,4.0,4.0,4.0,4.0,4.0,4.0,4.0,4.0,4.0,4.0,4.0,4.0,4.0,4.0,4.0,4.0,5.0,4.0,4.0,5.0,5.0,5.0,5.0,5.0,5.0,5.0,3.0,5.0,5.0,0.0,5.0,5.0,5.0,5.0,5.0,0.0,5.0,5.0,5.0,6.0,8.0,0.0,0.0,6.0,6.0,6.0,6.0,6.0,6.0,6.0,6.0,6.0,6.0,6.0,6.0,6.0,6.0,6.0,6.0,7.0,7.0,7.0,7.0,7.0,7.0,7.0,0.0,7.0,7.0,8.0,8.0,7.0,7.0,7.0,7.0,7.0,7.0,7.0,7.0,8.0,8.0,8.0,8.0,8.0,8.0,8.0,8.0,8.0,8.0,0.0,8.0,0.0,8.0,8.0,8.0,8.0,0.0,8.0,0.0,9.0,9.0,0.0,9.0,9.0,0.0,9.0,9.0,9.0,9.0,9.0,9.0,8.0,9.0,0.0,0.0,9.0,9.0,9.0,9.0,10.0,10.0,10.0,10.0,10.0,10.0,10.0,10.0,10.0,10.0,10.0,10.0,10.0,10.0,10.0,10.0,0.0,10.0,10.0,10.0
20,20.0,1.0,0.0,1.0,1.0,1.0,1.0,1.0,1.0,1.0,1.0,1.0,3.0,1.0,1.0,3.0,1.0,1.0,1.0,0.0,0.0,1.0,2.0,2.0,2.0,0.0,1.0,2.0,2.0,2.0,2.0,2.0,4.0,2.0,2.0,2.0,0.0,2.0,2.0,2.0,2.0,3.0,3.0,3.0,3.0,3.0,3.0,3.0,3.0,3.0,3.0,3.0,3.0,3.0,3.0,3.0,3.0,1.0,2.0,3.0,3.0,4.0,0.0,4.0,4.0,4.0,4.0,4.0,4.0,4.0,4.0,4.0,4.0,4.0,4.0,4.0,4.0,6.0,4.0,4.0,4.0,5.0,5.0,5.0,5.0,5.0,7.0,5.0,3.0,5.0,5.0,5.0,5.0,0.0,5.0,5.0,5.0,7.0,5.0,5.0,5.0,6.0,6.0,6.0,6.0,6.0,8.0,0.0,6.0,6.0,6.0,6.0,7.0,6.0,6.0,0.0,6.0,6.0,6.0,6.0,6.0,7.0,7.0,7.0,7.0,0.0,7.0,0.0,7.0,7.0,0.0,0.0,7.0,0.0,7.0,7.0,7.0,7.0,0.0,7.0,7.0,8.0,0.0,8.0,8.0,8.0,8.0,8.0,8.0,8.0,8.0,8.0,8.0,8.0,8.0,8.0,8.0,8.0,8.0,8.0,8.0,9.0,0.0,9.0,9.0,9.0,9.0,9.0,9.0,9.0,0.0,9.0,9.0,9.0,9.0,9.0,9.0,8.0,9.0,9.0,9.0,0.0,10.0,10.0,10.0,10.0,10.0,10.0,8.0,10.0,10.0,8.0,10.0,10.0,10.0,10.0,10.0,10.0,10.0,10.0,10.0
21,21.0,1.0,1.0,1.0,1.0,1.0,1.0,1.0,0.0,1.0,3.0,1.0,1.0,1.0,1.0,0.0,0.0,1.0,1.0,1.0,1.0,2.0,2.0,2.0,2.0,0.0,2.0,2.0,2.0,2.0,2.0,2.0,2.0,2.0,2.0,2.0,2.0,2.0,2.0,0.0,1.0,3.0,3.0,3.0,3.0,3.0,3.0,3.0,4.0,5.0,3.0,3.0,3.0,1.0,3.0,3.0,3.0,2.0,3.0,3.0,3.0,4.0,4.0,4.0,4.0,4.0,0.0,4.0,0.0,4.0,2.0,4.0,4.0,4.0,3.0,4.0,4.0,2.0,4.0,4.0,4.0,5.0,5.0,5.0,5.0,7.0,5.0,5.0,7.0,5.0,5.0,5.0,5.0,6.0,5.0,5.0,5.0,0.0,5.0,5.0,4.0,6.0,6.0,6.0,6.0,6.0,0.0,6.0,6.0,6.0,6.0,6.0,6.0,6.0,6.0,6.0,6.0,6.0,6.0,6.0,6.0,0.0,7.0,0.0,7.0,7.0,5.0,7.0,7.0,5.0,7.0,7.0,7.0,9.0,7.0,9.0,0.0,0.0,7.0,7.0,7.0,8.0,8.0,8.0,8.0,8.0,8.0,6.0,8.0,8.0,0.0,8.0,8.0,8.0,8.0,10.0,8.0,8.0,8.0,8.0,0.0,9.0,9.0,9.0,10.0,9.0,9.0,9.0,9.0,9.0,9.0,9.0,9.0,9.0,7.0,9.0,9.0,9.0,9.0,9.0,9.0,10.0,0.0,10.0,10.0,10.0,10.0,9.0,10.0,10.0,10.0,10.0,10.0,10.0,10.0,10.0,10.0,0.0,10.0,10.0,0.0
22,22.0,1.0,1.0,1.0,1.0,1.0,1.0,1.0,1.0,1.0,1.0,3.0,1.0,1.0,1.0,1.0,1.0,0.0,1.0,1.0,1.0,2.0,2.0,2.0,2.0,2.0,0.0,0.0,2.0,2.0,0.0,2.0,2.0,2.0,2.0,1.0,2.0,2.0,2.0,2.0,0.0,0.0,3.0,3.0,0.0,3.0,0.0,3.0,3.0,0.0,3.0,3.0,3.0,3.0,3.0,5.0,3.0,3.0,3.0,3.0,3.0,4.0,4.0,0.0,4.0,4.0,4.0,4.0,4.0,0.0,4.0,4.0,4.0,5.0,4.0,4.0,4.0,0.0,4.0,4.0,4.0,5.0,5.0,5.0,5.0,5.0,5.0,5.0,0.0,5.0,5.0,5.0,5.0,0.0,5.0,5.0,5.0,5.0,5.0,5.0,5.0,6.0,6.0,6.0,6.0,6.0,6.0,6.0,6.0,6.0,6.0,6.0,8.0,6.0,6.0,6.0,6.0,6.0,6.0,6.0,6.0,7.0,7.0,7.0,7.0,7.0,7.0,7.0,7.0,7.0,7.0,7.0,7.0,7.0,8.0,7.0,7.0,7.0,7.0,7.0,7.0,8.0,8.0,7.0,8.0,8.0,8.0,8.0,8.0,8.0,10.0,0.0,8.0,7.0,8.0,8.0,8.0,8.0,8.0,8.0,8.0,0.0,9.0,9.0,8.0,8.0,9.0,9.0,9.0,9.0,9.0,9.0,10.0,9.0,9.0,9.0,9.0,9.0,9.0,9.0,9.0,10.0,10.0,0.0,10.0,10.0,10.0,10.0,10.0,10.0,10.0,10.0,10.0,10.0,10.0,10.0,10.0,10.0,9.0,10.0,10.0
23,23.0,1.0,1.0,0.0,1.0,0.0,1.0,1.0,1.0,1.0,1.0,1.0,1.0,1.0,1.0,1.0,1.0,0.0,1.0,1.0,1.0,2.0,0.0,2.0,0.0,2.0,2.0,2.0,2.0,0.0,2.0,2.0,2.0,2.0,2.0,2.0,2.0,2.0,1.0,2.0,2.0,3.0,3.0,3.0,0.0,3.0,3.0,3.0,3.0,0.0,5.0,3.0,3.0,3.0,3.0,3.0,3.0,0.0,3.0,3.0,3.0,4.0,4.0,4.0,0.0,4.0,4.0,4.0,4.0,0.0,3.0,4.0,4.0,4.0,4.0,4.0,0.0,4.0,4.0,4.0,4.0,0.0,6.0,5.0,5.0,5.0,0.0,5.0,0.0,5.0,5.0,5.0,5.0,5.0,5.0,5.0,5.0,5.0,5.0,5.0,4.0,6.0,6.0,6.0,6.0,6.0,6.0,6.0,6.0,6.0,6.0,6.0,0.0,6.0,6.0,6.0,6.0,6.0,6.0,8.0,6.0,7.0,7.0,7.0,7.0,7.0,7.0,8.0,7.0,7.0,7.0,7.0,7.0,7.0,7.0,7.0,7.0,7.0,7.0,7.0,7.0,8.0,8.0,8.0,8.0,8.0,8.0,8.0,8.0,0.0,8.0,8.0,8.0,8.0,8.0,8.0,8.0,8.0,8.0,8.0,8.0,9.0,9.0,9.0,9.0,9.0,9.0,9.0,9.0,10.0,9.0,9.0,9.0,9.0,0.0,9.0,9.0,9.0,9.0,9.0,9.0,10.0,10.0,10.0,0.0,9.0,10.0,10.0,10.0,10.0,10.0,10.0,10.0,10.0,10.0,10.0,10.0,0.0,10.0,10.0,10.0
24,24.0,1.0,0.0,1.0,1.0,1.0,1.0,1.0,3.0,1.0,1.0,1.0,1.0,1.0,2.0,1.0,1.0,1.0,1.0,1.0,1.0,0.0,2.0,2.0,2.0,3.0,0.0,2.0,2.0,2.0,2.0,2.0,2.0,2.0,2.0,0.0,2.0,2.0,2.0,2.0,2.0,3.0,3.0,3.0,3.0,3.0,3.0,0.0,3.0,3.0,3.0,3.0,3.0,3.0,3.0,3.0,0.0,3.0,3.0,3.0,3.0,4.0,6.0,4.0,4.0,4.0,4.0,0.0,4.0,4.0,4.0,3.0,4.0,4.0,4.0,4.0,4.0,4.0,4.0,4.0,4.0,5.0,5.0,5.0,5.0,5.0,0.0,5.0,5.0,5.0,5.0,3.0,5.0,5.0,5.0,5.0,5.0,6.0,5.0,5.0,0.0,6.0,0.0,6.0,6.0,6.0,6.0,6.0,6.0,6.0,6.0,5.0,6.0,6.0,0.0,0.0,6.0,6.0,6.0,6.0,6.0,7.0,7.0,7.0,7.0,7.0,7.0,7.0,7.0,7.0,7.0,7.0,6.0,7.0,7.0,7.0,7.0,7.0,7.0,7.0,7.0,8.0,6.0,8.0,8.0,8.0,8.0,8.0,8.0,8.0,8.0,8.0,8.0,8.0,8.0,0.0,8.0,8.0,0.0,8.0,0.0,9.0,9.0,9.0,9.0,9.0,9.0,9.0,0.0,9.0,9.0,9.0,9.0,9.0,9.0,9.0,9.0,9.0,9.0,9.0,9.0,10.0,10.0,0.0,10.0,10.0,10.0,10.0,10.0,10.0,8.0,10.0,9.0,10.0,10.0,10.0,10.0,0.0,10.0,10.0,10.0
25,25.0,1.0,1.0,1.0,1.0,1.0,3.0,1.0,1.0,0.0,0.0,1.0,0.0,1.0,1.0,1.0,1.0,1.0,1.0,1.0,1.0,2.0,2.0,0.0,0.0,2.0,3.0,4.0,2.0,2.0,2.0,2.0,2.0,2.0,2.0,2.0,2.0,2.0,2.0,2.0,2.0,3.0,3.0,4.0,3.0,3.0,3.0,3.0,3.0,3.0,3.0,3.0,3.0,3.0,3.0,3.0,3.0,0.0,3.0,3.0,3.0,4.0,4.0,0.0,4.0,4.0,4.0,4.0,0.0,4.0,4.0,4.0,4.0,4.0,4.0,2.0,4.0,4.0,4.0,4.0,4.0,5.0,5.0,5.0,6.0,5.0,5.0,5.0,5.0,5.0,5.0,5.0,5.0,5.0,5.0,5.0,5.0,5.0,5.0,5.0,5.0,6.0,6.0,6.0,0.0,6.0,6.0,6.0,6.0,6.0,6.0,6.0,0.0,5.0,7.0,6.0,6.0,6.0,6.0,6.0,0.0,7.0,7.0,7.0,7.0,7.0,7.0,5.0,8.0,7.0,7.0,7.0,7.0,0.0,0.0,7.0,7.0,5.0,7.0,7.0,7.0,8.0,8.0,8.0,0.0,8.0,8.0,8.0,8.0,8.0,8.0,10.0,9.0,8.0,0.0,8.0,8.0,8.0,8.0,8.0,8.0,9.0,9.0,9.0,8.0,9.0,9.0,9.0,9.0,10.0,9.0,9.0,9.0,9.0,8.0,9.0,9.0,9.0,9.0,9.0,9.0,10.0,10.0,0.0,10.0,10.0,10.0,10.0,10.0,10.0,10.0,10.0,10.0,10.0,10.0,10.0,10.0,0.0,10.0,0.0,10.0
26,26.0,1.0,1.0,1.0,1.0,3.0,1.0,1.0,0.0,1.0,1.0,1.0,1.0,0.0,1.0,1.0,1.0,1.0,1.0,1.0,1.0,0.0,0.0,2.0,2.0,2.0,2.0,2.0,2.0,2.0,2.0,2.0,2.0,2.0,2.0,2.0,0.0,2.0,2.0,3.0,2.0,3.0,0.0,3.0,3.0,3.0,3.0,3.0,0.0,3.0,3.0,3.0,3.0,0.0,3.0,3.0,0.0,3.0,3.0,3.0,3.0,4.0,0.0,4.0,4.0,4.0,4.0,4.0,4.0,0.0,0.0,2.0,4.0,4.0,4.0,4.0,4.0,4.0,4.0,6.0,0.0,5.0,6.0,5.0,5.0,5.0,0.0,5.0,5.0,3.0,5.0,5.0,5.0,5.0,5.0,5.0,5.0,5.0,5.0,5.0,0.0,6.0,6.0,6.0,6.0,6.0,6.0,6.0,6.0,6.0,6.0,6.0,6.0,6.0,6.0,6.0,6.0,6.0,6.0,6.0,6.0,7.0,7.0,7.0,7.0,7.0,7.0,7.0,7.0,7.0,7.0,7.0,7.0,7.0,7.0,7.0,7.0,7.0,7.0,7.0,7.0,8.0,8.0,8.0,8.0,0.0,8.0,8.0,8.0,9.0,8.0,0.0,8.0,8.0,7.0,8.0,8.0,8.0,8.0,8.0,8.0,9.0,7.0,9.0,9.0,9.0,9.0,9.0,9.0,0.0,9.0,9.0,9.0,9.0,9.0,9.0,9.0,9.0,9.0,9.0,9.0,10.0,10.0,10.0,10.0,8.0,10.0,10.0,10.0,10.0,10.0,10.0,10.0,10.0,10.0,10.0,10.0,10.0,10.0,10.0,10.0
27,27.0,1.0,3.0,1.0,1.0,1.0,1.0,1.0,1.0,1.0,0.0,1.0,1.0,1.0,1.0,1.0,1.0,1.0,1.0,1.0,1.0,2.0,2.0,2.0,2.0,2.0,2.0,2.0,2.0,2.0,0.0,2.0,2.0,2.0,2.0,2.0,2.0,0.0,2.0,0.0,2.0,3.0,3.0,3.0,3.0,3.0,3.0,3.0,3.0,0.0,3.0,3.0,3.0,3.0,3.0,3.0,3.0,3.0,3.0,0.0,3.0,4.0,4.0,4.0,4.0,4.0,2.0,4.0,4.0,4.0,4.0,4.0,2.0,4.0,4.0,4.0,4.0,4.0,4.0,4.0,4.0,5.0,5.0,6.0,0.0,5.0,5.0,7.0,5.0,5.0,5.0,5.0,5.0,5.0,0.0,5.0,5.0,5.0,5.0,0.0,5.0,6.0,6.0,6.0,6.0,6.0,6.0,6.0,6.0,0.0,7.0,6.0,6.0,6.0,6.0,6.0,6.0,6.0,6.0,6.0,0.0,7.0,7.0,7.0,7.0,7.0,7.0,6.0,7.0,7.0,7.0,7.0,7.0,5.0,7.0,7.0,7.0,7.0,7.0,7.0,0.0,8.0,8.0,8.0,8.0,8.0,8.0,8.0,8.0,0.0,8.0,8.0,8.0,8.0,8.0,8.0,7.0,8.0,0.0,8.0,0.0,9.0,10.0,0.0,9.0,9.0,9.0,8.0,9.0,9.0,9.0,9.0,9.0,0.0,9.0,9.0,9.0,9.0,10.0,9.0,9.0,10.0,10.0,10.0,10.0,10.0,10.0,10.0,10.0,10.0,10.0,10.0,10.0,10.0,0.0,10.0,0.0,0.0,10.0,10.0,10.0
28,28.0,1.0,1.0,1.0,0.0,1.0,1.0,1.0,1.0,1.0,1.0,1.0,1.0,1.0,1.0,1.0,1.0,1.0,1.0,1.0,0.0,2.0,2.0,2.0,2.0,2.0,0.0,2.0,2.0,2.0,2.0,0.0,2.0,2.0,0.0,1.0,0.0,2.0,2.0,2.0,1.0,0.0,0.0,3.0,0.0,3.0,0.0,3.0,3.0,3.0,3.0,3.0,3.0,3.0,3.0,3.0,3.0,3.0,3.0,3.0,3.0,4.0,4.0,4.0,4.0,4.0,0.0,4.0,0.0,4.0,4.0,4.0,4.0,4.0,4.0,4.0,4.0,4.0,4.0,4.0,4.0,5.0,3.0,5.0,5.0,5.0,5.0,0.0,5.0,5.0,5.0,5.0,5.0,5.0,5.0,5.0,5.0,3.0,5.0,5.0,5.0,6.0,6.0,6.0,6.0,6.0,6.0,0.0,0.0,6.0,6.0,6.0,6.0,8.0,6.0,6.0,6.0,6.0,0.0,6.0,6.0,7.0,7.0,7.0,7.0,7.0,8.0,7.0,7.0,7.0,6.0,7.0,7.0,0.0,7.0,7.0,7.0,7.0,0.0,7.0,7.0,8.0,8.0,8.0,8.0,8.0,8.0,8.0,8.0,8.0,8.0,8.0,8.0,8.0,8.0,8.0,8.0,8.0,8.0,8.0,8.0,9.0,9.0,9.0,0.0,9.0,9.0,9.0,9.0,7.0,9.0,9.0,9.0,10.0,9.0,9.0,9.0,0.0,9.0,9.0,9.0,10.0,10.0,10.0,0.0,10.0,0.0,0.0,10.0,0.0,9.0,0.0,10.0,10.0,10.0,10.0,10.0,10.0,10.0,10.0,10.0
29,29.0,1.0,1.0,1.0,1.0,1.0,0.0,1.0,1.0,1.0,3.0,1.0,1.0,1.0,1.0,1.0,0.0,1.0,0.0,1.0,1.0,2.0,2.0,2.0,2.0,2.0,1.0,2.0,0.0,2.0,2.0,2.0,2.0,2.0,2.0,2.0,2.0,2.0,2.0,2.0,2.0,3.0,4.0,3.0,3.0,3.0,0.0,3.0,3.0,3.0,1.0,3.0,3.0,3.0,3.0,3.0,0.0,3.0,3.0,3.0,3.0,4.0,6.0,4.0,4.0,4.0,0.0,4.0,4.0,0.0,4.0,4.0,4.0,4.0,4.0,4.0,4.0,4.0,4.0,4.0,4.0,5.0,5.0,0.0,0.0,5.0,5.0,5.0,5.0,5.0,5.0,5.0,5.0,5.0,5.0,5.0,5.0,0.0,0.0,5.0,0.0,0.0,6.0,6.0,0.0,6.0,6.0,6.0,6.0,6.0,6.0,6.0,6.0,6.0,6.0,6.0,0.0,6.0,6.0,6.0,0.0,7.0,7.0,7.0,7.0,7.0,7.0,7.0,0.0,7.0,7.0,7.0,7.0,7.0,7.0,7.0,7.0,0.0,7.0,7.0,7.0,8.0,8.0,8.0,8.0,8.0,8.0,8.0,8.0,8.0,6.0,8.0,8.0,0.0,8.0,8.0,8.0,8.0,8.0,8.0,8.0,9.0,9.0,0.0,9.0,9.0,9.0,9.0,9.0,9.0,9.0,9.0,9.0,9.0,0.0,9.0,9.0,9.0,9.0,0.0,9.0,7.0,10.0,0.0,10.0,10.0,10.0,10.0,0.0,10.0,10.0,10.0,10.0,10.0,10.0,10.0,0.0,10.0,10.0,10.0,10.0
30,30.0,1.0,1.0,1.0,1.0,1.0,1.0,1.0,1.0,1.0,1.0,1.0,1.0,1.0,2.0,0.0,1.0,1.0,1.0,1.0,1.0,2.0,4.0,1.0,2.0,0.0,2.0,2.0,2.0,2.0,2.0,2.0,2.0,0.0,2.0,2.0,2.0,2.0,2.0,2.0,2.0,4.0,3.0,3.0,3.0,3.0,3.0,3.0,3.0,3.0,3.0,3.0,3.0,3.0,3.0,3.0,3.0,3.0,3.0,3.0,3.0,4.0,4.0,0.0,4.0,6.0,4.0,4.0,4.0,4.0,4.0,0.0,4.0,4.0,4.0,4.0,4.0,4.0,4.0,4.0,4.0,5.0,5.0,5.0,5.0,5.0,5.0,5.0,0.0,5.0,5.0,5.0,5.0,5.0,5.0,5.0,5.0,5.0,5.0,5.0,5.0,6.0,6.0,6.0,6.0,6.0,6.0,6.0,6.0,6.0,6.0,6.0,6.0,6.0,6.0,6.0,6.0,0.0,6.0,0.0,6.0,7.0,7.0,0.0,7.0,7.0,7.0,7.0,7.0,7.0,7.0,7.0,7.0,7.0,7.0,7.0,0.0,7.0,7.0,7.0,7.0,8.0,8.0,8.0,8.0,0.0,8.0,8.0,0.0,8.0,8.0,8.0,8.0,8.0,8.0,8.0,8.0,8.0,8.0,8.0,0.0,9.0,9.0,9.0,9.0,9.0,9.0,9.0,9.0,8.0,0.0,9.0,9.0,9.0,9.0,9.0,7.0,9.0,9.0,9.0,9.0,10.0,0.0,10.0,10.0,10.0,10.0,10.0,10.0,10.0,10.0,0.0,8.0,0.0,0.0,10.0,10.0,0.0,10.0,10.0,10.0
31,31.0,1.0,2.0,1.0,1.0,1.0,1.0,1.0,1.0,1.0,1.0,1.0,1.0,1.0,1.0,1.0,1.0,1.0,1.0,1.0,1.0,2.0,2.0,2.0,2.0,2.0,2.0,2.0,2.0,2.0,2.0,2.0,2.0,2.0,2.0,2.0,2.0,2.0,0.0,2.0,0.0,3.0,3.0,3.0,3.0,3.0,3.0,3.0,3.0,3.0,0.0,3.0,3.0,0.0,3.0,3.0,1.0,0.0,0.0,3.0,3.0,3.0,3.0,5.0,4.0,4.0,4.0,4.0,4.0,4.0,4.0,4.0,0.0,4.0,4.0,4.0,4.0,4.0,4.0,4.0,4.0,0.0,5.0,5.0,5.0,5.0,0.0,7.0,5.0,5.0,5.0,5.0,5.0,5.0,5.0,5.0,5.0,5.0,5.0,0.0,5.0,6.0,6.0,6.0,6.0,6.0,6.0,6.0,6.0,0.0,6.0,6.0,0.0,6.0,6.0,6.0,6.0,6.0,6.0,6.0,6.0,7.0,0.0,0.0,7.0,7.0,7.0,7.0,7.0,8.0,7.0,7.0,7.0,7.0,7.0,7.0,0.0,7.0,7.0,7.0,7.0,5.0,8.0,8.0,8.0,0.0,8.0,8.0,8.0,8.0,8.0,8.0,8.0,8.0,8.0,8.0,8.0,8.0,8.0,8.0,8.0,9.0,9.0,9.0,9.0,8.0,9.0,10.0,9.0,9.0,10.0,9.0,9.0,9.0,9.0,9.0,9.0,9.0,9.0,9.0,9.0,10.0,10.0,10.0,10.0,8.0,9.0,10.0,10.0,10.0,10.0,10.0,10.0,10.0,10.0,10.0,10.0,10.0,10.0,10.0,10.0
32,32.0,1.0,0.0,1.0,2.0,1.0,1.0,1.0,1.0,1.0,1.0,1.0,1.0,1.0,0.0,2.0,1.0,1.0,1.0,1.0,1.0,2.0,2.0,4.0,2.0,3.0,2.0,2.0,2.0,2.0,2.0,2.0,2.0,2.0,2.0,1.0,2.0,2.0,2.0,4.0,1.0,3.0,3.0,0.0,3.0,3.0,0.0,3.0,3.0,1.0,3.0,3.0,3.0,1.0,3.0,3.0,0.0,3.0,3.0,3.0,3.0,4.0,0.0,4.0,4.0,4.0,4.0,4.0,4.0,4.0,4.0,0.0,0.0,4.0,4.0,4.0,4.0,4.0,4.0,4.0,0.0,5.0,5.0,0.0,5.0,0.0,5.0,5.0,5.0,4.0,5.0,0.0,5.0,5.0,5.0,5.0,5.0,5.0,0.0,5.0,5.0,0.0,6.0,6.0,6.0,6.0,6.0,5.0,5.0,6.0,6.0,0.0,6.0,6.0,6.0,6.0,0.0,6.0,0.0,6.0,6.0,7.0,7.0,7.0,7.0,7.0,7.0,7.0,7.0,0.0,7.0,7.0,7.0,7.0,7.0,7.0,7.0,0.0,7.0,7.0,7.0,8.0,8.0,8.0,8.0,8.0,8.0,8.0,8.0,9.0,8.0,8.0,8.0,0.0,8.0,8.0,6.0,8.0,8.0,8.0,8.0,9.0,9.0,9.0,9.0,9.0,10.0,0.0,9.0,9.0,9.0,9.0,9.0,9.0,9.0,9.0,9.0,0.0,7.0,0.0,9.0,10.0,10.0,10.0,10.0,10.0,10.0,10.0,0.0,10.0,10.0,10.0,10.0,10.0,10.0,10.0,10.0,8.0,10.0,10.0,10.0
33,33.0,1.0,0.0,2.0,0.0,1.0,1.0,0.0,1.0,1.0,1.0,1.0,1.0,1.0,1.0,1.0,1.0,1.0,1.0,1.0,1.0,2.0,2.0,2.0,2.0,2.0,0.0,2.0,2.0,0.0,2.0,2.0,2.0,2.0,2.0,2.0,2.0,2.0,2.0,2.0,2.0,3.0,3.0,3.0,3.0,3.0,1.0,3.0,3.0,3.0,3.0,3.0,3.0,2.0,3.0,3.0,4.0,3.0,3.0,1.0,3.0,4.0,0.0,0.0,4.0,0.0,4.0,4.0,6.0,4.0,4.0,4.0,4.0,4.0,4.0,4.0,4.0,4.0,4.0,0.0,4.0,0.0,0.0,5.0,5.0,5.0,5.0,5.0,5.0,5.0,5.0,5.0,4.0,5.0,0.0,5.0,5.0,5.0,5.0,5.0,3.0,6.0,6.0,6.0,6.0,6.0,6.0,6.0,6.0,4.0,6.0,6.0,6.0,4.0,6.0,6.0,0.0,6.0,6.0,5.0,6.0,7.0,7.0,7.0,7.0,0.0,7.0,7.0,0.0,7.0,7.0,7.0,7.0,7.0,7.0,5.0,7.0,0.0,7.0,0.0,7.0,7.0,8.0,8.0,0.0,8.0,8.0,8.0,8.0,8.0,0.0,0.0,8.0,8.0,8.0,8.0,8.0,8.0,8.0,9.0,8.0,9.0,9.0,9.0,7.0,9.0,9.0,9.0,9.0,9.0,9.0,9.0,9.0,9.0,9.0,9.0,9.0,9.0,9.0,9.0,7.0,10.0,10.0,10.0,10.0,10.0,10.0,0.0,9.0,10.0,10.0,10.0,10.0,10.0,10.0,10.0,10.0,9.0,0.0,9.0,10.0
34,34.0,1.0,3.0,1.0,1.0,1.0,1.0,1.0,1.0,3.0,1.0,1.0,0.0,1.0,1.0,1.0,1.0,1.0,1.0,1.0,1.0,2.0,2.0,2.0,2.0,2.0,2.0,0.0,2.0,0.0,2.0,2.0,2.0,2.0,2.0,2.0,2.0,2.0,2.0,2.0,2.0,3.0,3.0,3.0,3.0,3.0,3.0,3.0,3.0,0.0,3.0,3.0,3.0,3.0,3.0,3.0,3.0,0.0,3.0,0.0,4.0,4.0,4.0,4.0,0.0,4.0,4.0,4.0,0.0,4.0,4.0,4.0,4.0,4.0,4.0,4.0,4.0,4.0,4.0,4.0,4.0,5.0,0.0,5.0,5.0,5.0,5.0,5.0,5.0,5.0,5.0,5.0,5.0,5.0,5.0,5.0,0.0,5.0,5.0,5.0,5.0,6.0,6.0,6.0,6.0,0.0,0.0,6.0,6.0,6.0,6.0,6.0,6.0,6.0,6.0,6.0,6.0,6.0,6.0,6.0,6.0,7.0,7.0,7.0,7.0,7.0,7.0,7.0,7.0,7.0,7.0,7.0,7.0,7.0,7.0,7.0,7.0,7.0,7.0,7.0,7.0,8.0,8.0,8.0,8.0,8.0,8.0,8.0,6.0,8.0,8.0,8.0,8.0,0.0,0.0,8.0,0.0,8.0,9.0,8.0,8.0,9.0,9.0,9.0,0.0,9.0,9.0,7.0,9.0,9.0,9.0,9.0,9.0,9.0,9.0,9.0,9.0,0.0,9.0,0.0,9.0,10.0,10.0,10.0,10.0,10.0,10.0,10.0,10.0,8.0,10.0,10.0,10.0,10.0,10.0,10.0,10.0,10.0,10.0,10.0,10.0
35,35.0,2.0,1.0,1.0,1.0,0.0,1.0,1.0,1.0,1.0,1.0,1.0,1.0,1.0,1.0,1.0,1.0,0.0,1.0,1.0,0.0,2.0,2.0,2.0,2.0,2.0,2.0,2.0,0.0,2.0,2.0,2.0,2.0,2.0,2.0,2.0,2.0,2.0,0.0,2.0,2.0,3.0,3.0,3.0,5.0,3.0,3.0,3.0,5.0,3.0,0.0,3.0,3.0,3.0,0.0,3.0,3.0,0.0,3.0,3.0,0.0,4.0,4.0,4.0,4.0,4.0,4.0,4.0,6.0,4.0,4.0,4.0,4.0,4.0,4.0,4.0,2.0,4.0,4.0,4.0,4.0,5.0,5.0,7.0,5.0,5.0,5.0,5.0,5.0,5.0,5.0,5.0,5.0,0.0,5.0,5.0,5.0,7.0,5.0,5.0,0.0,6.0,6.0,6.0,6.0,6.0,6.0,6.0,6.0,6.0,6.0,6.0,6.0,6.0,6.0,0.0,6.0,6.0,6.0,6.0,6.0,7.0,7.0,7.0,6.0,7.0,7.0,7.0,7.0,8.0,7.0,7.0,7.0,7.0,0.0,7.0,7.0,7.0,7.0,0.0,7.0,8.0,8.0,8.0,8.0,8.0,8.0,8.0,8.0,8.0,8.0,8.0,8.0,8.0,8.0,8.0,8.0,8.0,8.0,8.0,8.0,9.0,9.0,10.0,0.0,9.0,9.0,0.0,8.0,9.0,9.0,9.0,9.0,9.0,9.0,9.0,9.0,9.0,0.0,9.0,9.0,10.0,10.0,10.0,10.0,0.0,10.0,10.0,10.0,10.0,10.0,10.0,10.0,10.0,0.0,0.0,10.0,10.0,10.0,10.0,10.0
36,36.0,1.0,1.0,1.0,0.0,1.0,1.0,1.0,1.0,1.0,1.0,0.0,1.0,1.0,1.0,1.0,1.0,1.0,1.0,1.0,1.0,3.0,2.0,2.0,2.0,2.0,2.0,2.0,2.0,2.0,2.0,2.0,2.0,2.0,2.0,2.0,2.0,2.0,2.0,2.0,2.0,0.0,3.0,3.0,3.0,0.0,3.0,3.0,3.0,0.0,3.0,3.0,3.0,3.0,3.0,3.0,3.0,3.0,3.0,3.0,3.0,4.0,4.0,4.0,4.0,4.0,4.0,2.0,4.0,0.0,5.0,4.0,4.0,4.0,4.0,4.0,0.0,0.0,2.0,4.0,3.0,5.0,5.0,5.0,5.0,5.0,5.0,5.0,5.0,5.0,5.0,5.0,5.0,4.0,5.0,0.0,5.0,6.0,0.0,5.0,5.0,6.0,6.0,6.0,6.0,6.0,6.0,6.0,6.0,6.0,0.0,6.0,0.0,7.0,6.0,6.0,6.0,6.0,6.0,6.0,6.0,7.0,7.0,7.0,7.0,7.0,0.0,7.0,7.0,7.0,9.0,7.0,0.0,7.0,7.0,7.0,7.0,7.0,7.0,7.0,7.0,8.0,8.0,8.0,6.0,0.0,8.0,8.0,8.0,8.0,8.0,8.0,8.0,0.0,8.0,8.0,8.0,8.0,8.0,0.0,8.0,9.0,9.0,9.0,9.0,9.0,9.0,8.0,9.0,9.0,9.0,9.0,9.0,9.0,9.0,9.0,8.0,9.0,0.0,9.0,9.0,7.0,10.0,10.0,10.0,10.0,10.0,10.0,10.0,8.0,10.0,0.0,10.0,9.0,10.0,8.0,10.0,10.0,10.0,10.0,10.0
37,37.0,1.0,1.0,0.0,1.0,1.0,1.0,0.0,1.0,1.0,1.0,1.0,1.0,1.0,1.0,1.0,1.0,1.0,3.0,1.0,1.0,2.0,2.0,0.0,0.0,2.0,2.0,2.0,1.0,2.0,0.0,2.0,2.0,2.0,2.0,2.0,2.0,2.0,2.0,2.0,2.0,3.0,3.0,3.0,3.0,3.0,3.0,3.0,3.0,3.0,3.0,3.0,3.0,3.0,3.0,3.0,3.0,3.0,4.0,3.0,3.0,4.0,4.0,4.0,4.0,4.0,4.0,4.0,4.0,4.0,4.0,4.0,4.0,4.0,5.0,4.0,4.0,4.0,4.0,4.0,0.0,0.0,5.0,5.0,5.0,0.0,5.0,5.0,5.0,5.0,5.0,5.0,0.0,0.0,5.0,5.0,0.0,5.0,5.0,5.0,0.0,6.0,6.0,0.0,6.0,6.0,6.0,6.0,6.0,6.0,6.0,7.0,6.0,6.0,6.0,0.0,6.0,6.0,6.0,5.0,5.0,7.0,7.0,7.0,7.0,7.0,7.0,7.0,7.0,7.0,8.0,7.0,9.0,0.0,7.0,7.0,7.0,7.0,7.0,7.0,7.0,8.0,8.0,8.0,8.0,8.0,8.0,0.0,8.0,8.0,8.0,8.0,8.0,8.0,0.0,8.0,8.0,8.0,10.0,8.0,8.0,9.0,9.0,9.0,9.0,7.0,9.0,0.0,9.0,9.0,9.0,0.0,10.0,10.0,9.0,9.0,9.0,10.0,9.0,9.0,9.0,10.0,10.0,10.0,10.0,0.0,10.0,10.0,8.0,10.0,10.0,10.0,10.0,10.0,10.0,10.0,10.0,10.0,10.0,10.0,0.0
38,38.0,1.0,1.0,1.0,1.0,1.0,1.0,1.0,1.0,1.0,1.0,1.0,1.0,0.0,1.0,1.0,1.0,1.0,1.0,1.0,1.0,2.0,2.0,0.0,1.0,2.0,2.0,2.0,2.0,2.0,2.0,0.0,2.0,2.0,0.0,2.0,2.0,2.0,0.0,2.0,2.0,3.0,3.0,4.0,3.0,3.0,3.0,3.0,3.0,3.0,1.0,3.0,1.0,3.0,3.0,3.0,3.0,3.0,3.0,3.0,3.0,4.0,4.0,4.0,0.0,4.0,4.0,4.0,4.0,4.0,4.0,4.0,4.0,4.0,4.0,5.0,0.0,0.0,4.0,4.0,4.0,5.0,5.0,3.0,5.0,5.0,5.0,5.0,5.0,5.0,5.0,5.0,5.0,5.0,5.0,5.0,5.0,5.0,5.0,5.0,5.0,6.0,6.0,6.0,0.0,6.0,8.0,6.0,6.0,6.0,6.0,6.0,6.0,6.0,6.0,6.0,0.0,6.0,6.0,6.0,6.0,7.0,0.0,7.0,7.0,7.0,7.0,7.0,7.0,7.0,7.0,7.0,7.0,7.0,7.0,7.0,7.0,7.0,7.0,7.0,7.0,8.0,8.0,8.0,8.0,8.0,8.0,0.0,8.0,10.0,8.0,8.0,0.0,8.0,8.0,8.0,8.0,8.0,8.0,8.0,8.0,9.0,9.0,9.0,9.0,9.0,9.0,9.0,9.0,9.0,9.0,9.0,9.0,9.0,9.0,9.0,9.0,9.0,9.0,9.0,9.0,10.0,0.0,10.0,10.0,10.0,8.0,10.0,10.0,10.0,10.0,10.0,10.0,10.0,10.0,0.0,10.0,10.0,0.0,10.0,10.0
39,39.0,1.0,1.0,1.0,1.0,1.0,1.0,1.0,1.0,0.0,2.0,1.0,1.0,0.0,1.0,1.0,1.0,1.0,1.0,1.0,1.0,2.0,2.0,0.0,2.0,2.0,2.0,2.0,2.0,2.0,2.0,2.0,2.0,2.0,2.0,2.0,2.0,2.0,2.0,2.0,0.0,3.0,3.0,3.0,3.0,3.0,3.0,3.0,3.0,3.0,3.0,3.0,3.0,0.0,3.0,3.0,3.0,3.0,3.0,3.0,3.0,4.0,4.0,4.0,4.0,4.0,4.0,4.0,4.0,4.0,4.0,4.0,4.0,4.0,4.0,0.0,4.0,4.0,4.0,0.0,4.0,5.0,5.0,5.0,4.0,5.0,0.0,5.0,5.0,0.0,5.0,5.0,5.0,5.0,5.0,5.0,5.0,5.0,5.0,5.0,5.0,6.0,6.0,6.0,6.0,6.0,6.0,6.0,6.0,6.0,6.0,6.0,6.0,6.0,6.0,6.0,6.0,6.0,6.0,6.0,6.0,7.0,7.0,0.0,7.0,7.0,0.0,7.0,7.0,7.0,7.0,7.0,7.0,7.0,7.0,7.0,0.0,5.0,7.0,7.0,7.0,8.0,8.0,8.0,8.0,0.0,8.0,8.0,8.0,8.0,8.0,8.0,8.0,8.0,8.0,8.0,8.0,0.0,8.0,7.0,8.0,9.0,9.0,9.0,9.0,9.0,9.0,9.0,9.0,9.0,9.0,9.0,9.0,8.0,9.0,9.0,0.0,10.0,9.0,9.0,9.0,8.0,10.0,10.0,10.0,10.0,10.0,10.0,10.0,10.0,10.0,10.0,0.0,8.0,10.0,10.0,10.0,10.0,10.0,10.0,10.0
40,40.0,1.0,2.0,1.0,1.0,1.0,1.0,1.0,1.0,1.0,0.0,1.0,1.0,1.0,1.0,1.0,1.0,1.0,1.0,1.0,1.0,2.0,2.0,2.0,2.0,0.0,2.0,2.0,2.0,0.0,0.0,2.0,2.0,4.0,2.0,0.0,2.0,2.0,2.0,2.0,2.0,3.0,3.0,3.0,3.0,3.0,3.0,0.0,3.0,2.0,3.0,3.0,3.0,3.0,0.0,3.0,3.0,3.0,0.0,3.0,3.0,4.0,4.0,4.0,4.0,4.0,0.0,4.0,4.0,4.0,4.0,4.0,4.0,4.0,4.0,4.0,4.0,4.0,0.0,3.0,0.0,5.0,3.0,5.0,5.0,5.0,5.0,5.0,5.0,0.0,5.0,5.0,5.0,5.0,5.0,5.0,5.0,5.0,5.0,5.0,5.0,6.0,6.0,6.0,6.0,0.0,8.0,6.0,6.0,0.0,6.0,5.0,6.0,6.0,6.0,6.0,6.0,6.0,6.0,6.0,6.0,7.0,6.0,0.0,7.0,7.0,7.0,7.0,7.0,7.0,0.0,7.0,0.0,7.0,7.0,7.0,7.0,0.0,7.0,8.0,7.0,8.0,8.0,8.0,8.0,7.0,8.0,8.0,8.0,8.0,8.0,8.0,8.0,8.0,8.0,8.0,8.0,8.0,8.0,8.0,0.0,9.0,9.0,9.0,9.0,9.0,9.0,9.0,9.0,9.0,9.0,9.0,9.0,9.0,9.0,9.0,9.0,0.0,9.0,9.0,9.0,10.0,10.0,10.0,10.0,10.0,10.0,10.0,9.0,10.0,10.0,10.0,10.0,10.0,10.0,10.0,9.0,0.0,10.0,10.0,10.0
41,41.0,1.0,1.0,1.0,1.0,1.0,1.0,1.0,1.0,1.0,1.0,1.0,1.0,0.0,0.0,1.0,1.0,1.0,1.0,1.0,1.0,2.0,0.0,4.0,2.0,2.0,2.0,2.0,2.0,2.0,2.0,2.0,2.0,0.0,2.0,2.0,2.0,2.0,2.0,2.0,2.0,4.0,3.0,3.0,3.0,3.0,3.0,3.0,3.0,0.0,0.0,3.0,0.0,0.0,3.0,3.0,3.0,3.0,3.0,0.0,3.0,4.0,4.0,4.0,4.0,2.0,0.0,4.0,0.0,0.0,4.0,4.0,2.0,0.0,0.0,4.0,4.0,4.0,4.0,0.0,4.0,5.0,5.0,5.0,5.0,5.0,5.0,5.0,5.0,5.0,0.0,5.0,5.0,5.0,5.0,5.0,5.0,5.0,0.0,5.0,5.0,6.0,6.0,6.0,6.0,6.0,5.0,6.0,6.0,6.0,6.0,6.0,8.0,6.0,6.0,6.0,0.0,6.0,6.0,6.0,0.0,7.0,7.0,7.0,7.0,7.0,7.0,7.0,7.0,5.0,0.0,7.0,7.0,7.0,7.0,8.0,7.0,7.0,7.0,7.0,7.0,8.0,8.0,8.0,10.0,8.0,9.0,8.0,8.0,8.0,0.0,7.0,8.0,8.0,0.0,8.0,8.0,8.0,8.0,8.0,8.0,9.0,0.0,9.0,8.0,9.0,9.0,9.0,9.0,9.0,9.0,0.0,9.0,9.0,9.0,9.0,9.0,9.0,9.0,7.0,9.0,10.0,10.0,0.0,10.0,10.0,10.0,10.0,10.0,10.0,10.0,10.0,0.0,10.0,10.0,10.0,10.0,10.0,10.0,10.0,0.0
42,42.0,1.0,1.0,1.0,1.0,0.0,1.0,1.0,1.0,1.0,2.0,0.0,0.0,1.0,1.0,1.0,1.0,0.0,1.0,1.0,1.0,2.0,3.0,2.0,2.0,2.0,2.0,2.0,2.0,2.0,2.0,2.0,2.0,2.0,2.0,2.0,1.0,2.0,2.0,2.0,0.0,3.0,3.0,3.0,3.0,3.0,3.0,3.0,3.0,3.0,3.0,3.0,3.0,3.0,3.0,3.0,3.0,3.0,3.0,3.0,3.0,4.0,4.0,4.0,4.0,4.0,4.0,4.0,0.0,4.0,4.0,4.0,0.0,0.0,4.0,4.0,4.0,4.0,4.0,6.0,4.0,5.0,5.0,5.0,5.0,5.0,5.0,5.0,5.0,5.0,5.0,5.0,0.0,5.0,5.0,5.0,5.0,5.0,5.0,5.0,5.0,6.0,8.0,6.0,6.0,6.0,6.0,6.0,6.0,6.0,0.0,6.0,6.0,6.0,6.0,6.0,0.0,6.0,6.0,0.0,0.0,7.0,7.0,7.0,7.0,0.0,7.0,7.0,7.0,7.0,6.0,0.0,7.0,7.0,7.0,7.0,7.0,7.0,7.0,7.0,7.0,8.0,0.0,8.0,8.0,8.0,7.0,8.0,0.0,8.0,8.0,8.0,8.0,8.0,8.0,8.0,7.0,8.0,8.0,8.0,9.0,9.0,0.0,9.0,9.0,9.0,9.0,9.0,8.0,9.0,9.0,9.0,9.0,9.0,9.0,9.0,10.0,9.0,9.0,9.0,9.0,10.0,10.0,10.0,10.0,10.0,10.0,10.0,10.0,10.0,0.0,10.0,10.0,10.0,0.0,10.0,10.0,10.0,10.0,10.0,10.0
43,43.0,0.0,1.0,1.0,1.0,3.0,1.0,0.0,1.0,1.0,0.0,1.0,1.0,1.0,1.0,1.0,1.0,1.0,1.0,0.0,1.0,2.0,2.0,3.0,2.0,2.0,2.0,0.0,2.0,2.0,2.0,2.0,2.0,2.0,2.0,2.0,3.0,2.0,3.0,2.0,2.0,3.0,3.0,5.0,3.0,3.0,3.0,3.0,3.0,3.0,3.0,3.0,3.0,1.0,3.0,3.0,1.0,3.0,3.0,3.0,3.0,3.0,4.0,4.0,4.0,4.0,4.0,4.0,4.0,4.0,4.0,4.0,4.0,3.0,4.0,4.0,4.0,4.0,4.0,4.0,0.0,0.0,5.0,5.0,5.0,5.0,5.0,5.0,5.0,5.0,5.0,5.0,0.0,5.0,5.0,5.0,5.0,5.0,5.0,5.0,5.0,6.0,6.0,6.0,6.0,6.0,5.0,6.0,6.0,6.0,6.0,5.0,6.0,0.0,6.0,6.0,0.0,6.0,0.0,0.0,6.0,7.0,7.0,7.0,7.0,5.0,7.0,7.0,7.0,7.0,7.0,7.0,7.0,7.0,7.0,7.0,7.0,5.0,0.0,7.0,7.0,8.0,8.0,8.0,8.0,8.0,8.0,8.0,10.0,8.0,8.0,7.0,8.0,8.0,8.0,8.0,0.0,8.0,8.0,8.0,8.0,9.0,9.0,9.0,9.0,10.0,9.0,9.0,9.0,9.0,0.0,9.0,9.0,10.0,9.0,9.0,0.0,9.0,9.0,9.0,9.0,0.0,10.0,10.0,0.0,10.0,0.0,10.0,10.0,0.0,10.0,10.0,0.0,10.0,10.0,10.0,10.0,10.0,10.0,10.0,10.0
44,44.0,1.0,2.0,1.0,1.0,1.0,1.0,1.0,3.0,1.0,1.0,1.0,1.0,1.0,1.0,1.0,1.0,1.0,1.0,1.0,1.0,2.0,2.0,2.0,2.0,4.0,2.0,2.0,2.0,2.0,0.0,2.0,2.0,0.0,2.0,2.0,2.0,2.0,2.0,2.0,2.0,3.0,3.0,3.0,3.0,0.0,3.0,3.0,3.0,3.0,3.0,3.0,3.0,0.0,3.0,3.0,3.0,3.0,1.0,3.0,3.0,4.0,5.0,4.0,0.0,2.0,4.0,4.0,4.0,4.0,4.0,4.0,4.0,4.0,4.0,0.0,4.0,4.0,4.0,4.0,4.0,5.0,5.0,5.0,5.0,5.0,5.0,5.0,5.0,5.0,5.0,5.0,5.0,5.0,5.0,5.0,5.0,5.0,5.0,5.0,5.0,6.0,4.0,6.0,6.0,6.0,0.0,6.0,0.0,6.0,0.0,6.0,6.0,6.0,6.0,6.0,6.0,7.0,6.0,6.0,4.0,7.0,0.0,7.0,7.0,7.0,7.0,7.0,7.0,7.0,7.0,7.0,7.0,9.0,7.0,7.0,7.0,7.0,0.0,7.0,7.0,0.0,8.0,0.0,8.0,8.0,8.0,8.0,8.0,0.0,8.0,8.0,8.0,8.0,8.0,8.0,8.0,7.0,0.0,8.0,8.0,9.0,9.0,9.0,0.0,9.0,0.0,0.0,8.0,9.0,7.0,9.0,9.0,0.0,0.0,9.0,9.0,9.0,9.0,9.0,9.0,10.0,10.0,10.0,10.0,10.0,10.0,0.0,10.0,10.0,10.0,10.0,10.0,10.0,10.0,10.0,10.0,10.0,10.0,10.0,10.0
45,45.0,1.0,1.0,1.0,1.0,1.0,1.0,1.0,1.0,1.0,1.0,3.0,1.0,1.0,1.0,1.0,1.0,1.0,1.0,0.0,0.0,2.0,2.0,2.0,2.0,2.0,2.0,2.0,2.0,2.0,2.0,2.0,2.0,2.0,2.0,2.0,2.0,2.0,2.0,0.0,0.0,3.0,3.0,0.0,3.0,3.0,3.0,3.0,3.0,3.0,3.0,3.0,3.0,4.0,3.0,4.0,3.0,3.0,3.0,3.0,3.0,5.0,4.0,4.0,4.0,6.0,4.0,4.0,4.0,4.0,4.0,4.0,4.0,4.0,4.0,4.0,4.0,4.0,4.0,4.0,0.0,5.0,5.0,5.0,5.0,5.0,5.0,5.0,5.0,5.0,5.0,0.0,0.0,4.0,5.0,5.0,5.0,5.0,3.0,5.0,5.0,0.0,6.0,6.0,6.0,6.0,6.0,6.0,6.0,6.0,6.0,7.0,6.0,6.0,6.0,0.0,6.0,6.0,6.0,6.0,6.0,7.0,7.0,7.0,7.0,7.0,7.0,7.0,7.0,7.0,7.0,7.0,7.0,7.0,7.0,7.0,6.0,0.0,6.0,7.0,7.0,8.0,8.0,0.0,9.0,8.0,8.0,0.0,8.0,8.0,8.0,10.0,0.0,8.0,8.0,8.0,8.0,8.0,8.0,8.0,8.0,9.0,0.0,9.0,9.0,9.0,9.0,8.0,9.0,9.0,9.0,9.0,9.0,9.0,9.0,0.0,9.0,9.0,8.0,9.0,9.0,10.0,10.0,10.0,0.0,10.0,10.0,10.0,10.0,10.0,10.0,0.0,0.0,10.0,10.0,10.0,10.0,10.0,10.0,9.0,10.0
46,46.0,1.0,0.0,1.0,1.0,1.0,1.0,1.0,1.0,1.0,0.0,1.0,0.0,1.0,1.0,1.0,1.0,1.0,1.0,3.0,1.0,2.0,2.0,2.0,2.0,2.0,2.0,4.0,2.0,2.0,2.0,1.0,2.0,2.0,2.0,2.0,2.0,2.0,2.0,0.0,2.0,1.0,3.0,3.0,4.0,0.0,1.0,3.0,3.0,3.0,3.0,0.0,3.0,3.0,3.0,3.0,3.0,3.0,2.0,3.0,3.0,4.0,4.0,4.0,4.0,4.0,4.0,4.0,0.0,5.0,4.0,6.0,4.0,4.0,4.0,0.0,0.0,4.0,4.0,4.0,4.0,5.0,3.0,5.0,5.0,5.0,5.0,5.0,5.0,5.0,7.0,5.0,5.0,5.0,3.0,5.0,5.0,5.0,5.0,5.0,5.0,4.0,6.0,8.0,6.0,6.0,6.0,6.0,4.0,6.0,6.0,6.0,6.0,6.0,0.0,6.0,6.0,6.0,0.0,6.0,6.0,7.0,7.0,7.0,7.0,7.0,7.0,7.0,0.0,7.0,7.0,7.0,7.0,7.0,7.0,7.0,7.0,7.0,7.0,7.0,7.0,8.0,8.0,6.0,8.0,8.0,8.0,8.0,8.0,9.0,8.0,8.0,0.0,9.0,8.0,7.0,0.0,8.0,8.0,8.0,8.0,9.0,7.0,9.0,9.0,9.0,9.0,9.0,9.0,9.0,9.0,9.0,9.0,9.0,9.0,9.0,7.0,9.0,9.0,9.0,9.0,0.0,0.0,10.0,10.0,0.0,10.0,0.0,10.0,10.0,10.0,9.0,8.0,0.0,10.0,10.0,0.0,10.0,10.0,10.0,10.0
47,47.0,1.0,0.0,1.0,1.0,1.0,1.0,1.0,1.0,1.0,0.0,1.0,1.0,1.0,3.0,1.0,1.0,0.0,1.0,0.0,1.0,2.0,0.0,2.0,2.0,2.0,2.0,2.0,2.0,2.0,3.0,2.0,2.0,2.0,2.0,2.0,2.0,2.0,0.0,2.0,2.0,3.0,3.0,3.0,0.0,3.0,0.0,0.0,3.0,3.0,3.0,3.0,3.0,3.0,3.0,3.0,3.0,3.0,0.0,0.0,3.0,4.0,0.0,4.0,4.0,0.0,4.0,4.0,4.0,4.0,4.0,4.0,4.0,4.0,4.0,4.0,0.0,4.0,0.0,4.0,4.0,5.0,5.0,5.0,5.0,6.0,5.0,5.0,5.0,5.0,0.0,5.0,5.0,5.0,5.0,5.0,7.0,5.0,5.0,5.0,3.0,6.0,6.0,6.0,6.0,0.0,7.0,6.0,6.0,6.0,6.0,0.0,6.0,6.0,6.0,6.0,0.0,0.0,0.0,0.0,6.0,7.0,7.0,7.0,7.0,7.0,7.0,7.0,7.0,7.0,7.0,7.0,7.0,7.0,7.0,7.0,7.0,7.0,7.0,7.0,6.0,5.0,8.0,8.0,8.0,8.0,8.0,8.0,8.0,8.0,8.0,8.0,8.0,8.0,8.0,8.0,8.0,8.0,0.0,0.0,0.0,9.0,0.0,9.0,9.0,9.0,9.0,9.0,9.0,9.0,9.0,9.0,9.0,9.0,9.0,0.0,9.0,9.0,9.0,9.0,9.0,10.0,10.0,0.0,10.0,10.0,10.0,10.0,10.0,10.0,10.0,0.0,10.0,10.0,10.0,10.0,10.0,10.0,0.0,10.0,10.0
48,48.0,2.0,1.0,1.0,1.0,1.0,1.0,2.0,1.0,1.0,1.0,1.0,1.0,1.0,0.0,1.0,1.0,1.0,0.0,1.0,0.0,2.0,3.0,2.0,2.0,4.0,2.0,2.0,2.0,2.0,2.0,2.0,2.0,2.0,2.0,2.0,2.0,2.0,2.0,2.0,2.0,3.0,3.0,3.0,3.0,1.0,3.0,3.0,3.0,3.0,3.0,3.0,3.0,3.0,3.0,3.0,3.0,3.0,3.0,3.0,3.0,4.0,4.0,4.0,4.0,4.0,4.0,4.0,4.0,4.0,0.0,4.0,4.0,4.0,4.0,4.0,4.0,4.0,4.0,4.0,4.0,5.0,5.0,5.0,5.0,5.0,0.0,5.0,5.0,5.0,5.0,5.0,5.0,3.0,5.0,5.0,0.0,0.0,0.0,3.0,5.0,6.0,6.0,6.0,6.0,6.0,5.0,6.0,6.0,0.0,6.0,6.0,8.0,6.0,6.0,6.0,6.0,6.0,6.0,6.0,6.0,4.0,7.0,7.0,7.0,0.0,7.0,7.0,5.0,7.0,7.0,8.0,7.0,7.0,7.0,7.0,7.0,7.0,0.0,7.0,7.0,8.0,8.0,8.0,8.0,8.0,8.0,8.0,8.0,8.0,8.0,8.0,8.0,8.0,8.0,8.0,8.0,7.0,6.0,0.0,8.0,9.0,9.0,9.0,9.0,9.0,9.0,9.0,9.0,9.0,9.0,9.0,9.0,9.0,7.0,9.0,9.0,9.0,9.0,9.0,0.0,9.0,10.0,10.0,10.0,10.0,0.0,10.0,10.0,10.0,10.0,10.0,10.0,10.0,10.0,10.0,0.0,10.0,10.0,0.0,10.0
49,49.0,1.0,1.0,1.0,1.0,1.0,1.0,1.0,1.0,1.0,2.0,1.0,1.0,1.0,1.0,1.0,1.0,1.0,1.0,1.0,1.0,1.0,2.0,2.0,2.0,2.0,2.0,2.0,3.0,2.0,2.0,2.0,0.0,2.0,2.0,2.0,2.0,2.0,2.0,2.0,2.0,3.0,3.0,3.0,0.0,3.0,3.0,3.0,2.0,3.0,3.0,3.0,0.0,3.0,3.0,3.0,3.0,3.0,0.0,3.0,3.0,4.0,4.0,4.0,5.0,4.0,0.0,4.0,4.0,0.0,4.0,4.0,4.0,4.0,4.0,6.0,0.0,4.0,4.0,4.0,6.0,5.0,0.0,5.0,4.0,5.0,5.0,7.0,5.0,5.0,5.0,5.0,5.0,5.0,5.0,5.0,5.0,3.0,5.0,5.0,5.0,0.0,6.0,6.0,6.0,6.0,6.0,0.0,0.0,6.0,0.0,5.0,6.0,6.0,6.0,6.0,0.0,5.0,6.0,6.0,6.0,7.0,0.0,5.0,7.0,0.0,7.0,7.0,7.0,7.0,7.0,7.0,7.0,7.0,0.0,7.0,0.0,7.0,0.0,9.0,7.0,8.0,10.0,8.0,8.0,8.0,8.0,8.0,8.0,8.0,8.0,8.0,8.0,9.0,9.0,8.0,8.0,0.0,8.0,8.0,8.0,9.0,9.0,9.0,9.0,9.0,9.0,9.0,9.0,9.0,9.0,9.0,9.0,9.0,9.0,9.0,9.0,0.0,9.0,9.0,9.0,10.0,10.0,0.0,10.0,10.0,10.0,10.0,10.0,10.0,10.0,10.0,10.0,10.0,10.0,10.0,10.0,10.0,10.0,10.0,10.0
50,50.0,1.0,1.0,1.0,1.0,1.0,1.0,1.0,1.0,0.0,1.0,1.0,1.0,1.0,1.0,1.0,0.0,0.0,1.0,1.0,1.0,2.0,4.0,2.0,2.0,2.0,2.0,2.0,2.0,2.0,2.0,2.0,0.0,2.0,2.0,2.0,2.0,2.0,2.0,2.0,2.0,3.0,3.0,3.0,3.0,3.0,3.0,3.0,3.0,3.0,0.0,3.0,3.0,3.0,5.0,3.0,3.0,3.0,3.0,3.0,3.0,0.0,4.0,5.0,4.0,4.0,4.0,4.0,4.0,4.0,4.0,4.0,4.0,4.0,4.0,4.0,4.0,4.0,4.0,4.0,4.0,5.0,5.0,7.0,0.0,6.0,5.0,5.0,5.0,5.0,5.0,5.0,5.0,5.0,5.0,5.0,7.0,5.0,5.0,5.0,5.0,6.0,6.0,6.0,6.0,6.0,6.0,6.0,6.0,6.0,6.0,0.0,6.0,6.0,6.0,6.0,6.0,6.0,0.0,6.0,0.0,7.0,7.0,7.0,7.0,7.0,0.0,7.0,7.0,0.0,7.0,7.0,7.0,0.0,7.0,7.0,7.0,7.0,7.0,7.0,7.0,8.0,8.0,8.0,8.0,8.0,8.0,8.0,6.0,8.0,8.0,10.0,8.0,6.0,8.0,8.0,8.0,8.0,8.0,8.0,8.0,10.0,9.0,0.0,9.0,9.0,9.0,9.0,9.0,9.0,9.0,9.0,7.0,9.0,9.0,0.0,9.0,9.0,0.0,9.0,9.0,10.0,10.0,10.0,10.0,10.0,10.0,10.0,10.0,10.0,10.0,10.0,10.0,10.0,10.0,10.0,10.0,10.0,10.0,10.0,10.0
51,51.0,0.0,1.0,1.0,1.0,1.0,0.0,1.0,1.0,1.0,1.0,1.0,1.0,0.0,1.0,3.0,1.0,1.0,1.0,1.0,1.0,2.0,2.0,2.0,2.0,2.0,0.0,2.0,2.0,2.0,2.0,2.0,2.0,2.0,2.0,3.0,2.0,2.0,2.0,2.0,4.0,3.0,3.0,3.0,3.0,3.0,0.0,3.0,3.0,0.0,3.0,3.0,3.0,3.0,3.0,3.0,3.0,3.0,3.0,3.0,3.0,4.0,4.0,4.0,4.0,4.0,4.0,4.0,0.0,4.0,4.0,4.0,4.0,4.0,4.0,4.0,4.0,4.0,4.0,4.0,4.0,5.0,5.0,5.0,5.0,5.0,5.0,5.0,5.0,5.0,5.0,5.0,5.0,5.0,5.0,5.0,5.0,5.0,5.0,5.0,0.0,6.0,6.0,6.0,6.0,6.0,6.0,6.0,6.0,6.0,6.0,6.0,6.0,6.0,6.0,6.0,6.0,6.0,6.0,6.0,6.0,7.0,7.0,7.0,7.0,7.0,7.0,8.0,7.0,7.0,7.0,7.0,7.0,7.0,7.0,7.0,7.0,7.0,7.0,7.0,0.0,8.0,8.0,8.0,8.0,8.0,8.0,8.0,8.0,8.0,8.0,8.0,8.0,8.0,8.0,0.0,8.0,0.0,8.0,8.0,8.0,0.0,9.0,8.0,9.0,0.0,0.0,9.0,9.0,9.0,9.0,9.0,9.0,9.0,9.0,9.0,9.0,9.0,7.0,9.0,9.0,10.0,10.0,10.0,10.0,10.0,10.0,10.0,0.0,10.0,0.0,10.0,10.0,10.0,10.0,0.0,10.0,10.0,10.0,10.0,10.0
52,52.0,1.0,1.0,2.0,1.0,1.0,1.0,1.0,0.0,1.0,1.0,2.0,1.0,1.0,1.0,1.0,1.0,1.0,1.0,1.0,1.0,2.0,2.0,0.0,2.0,2.0,2.0,2.0,2.0,2.0,2.0,2.0,2.0,2.0,2.0,2.0,2.0,0.0,0.0,2.0,2.0,3.0,3.0,2.0,3.0,0.0,3.0,3.0,0.0,3.0,0.0,3.0,3.0,2.0,5.0,3.0,3.0,3.0,3.0,3.0,0.0,4.0,4.0,4.0,4.0,4.0,4.0,0.0,4.0,4.0,4.0,4.0,4.0,4.0,4.0,4.0,4.0,3.0,4.0,4.0,0.0,5.0,5.0,0.0,5.0,3.0,5.0,5.0,5.0,5.0,5.0,5.0,5.0,5.0,5.0,5.0,5.0,5.0,7.0,6.0,5.0,6.0,6.0,6.0,6.0,6.0,6.0,0.0,6.0,6.0,6.0,6.0,6.0,6.0,6.0,6.0,6.0,6.0,6.0,6.0,6.0,6.0,7.0,7.0,7.0,7.0,7.0,6.0,7.0,7.0,0.0,7.0,7.0,7.0,0.0,0.0,7.0,7.0,7.0,7.0,5.0,8.0,8.0,8.0,8.0,8.0,0.0,7.0,0.0,8.0,8.0,8.0,8.0,8.0,8.0,8.0,8.0,8.0,8.0,8.0,8.0,9.0,9.0,9.0,9.0,9.0,0.0,9.0,9.0,9.0,9.0,9.0,9.0,9.0,9.0,9.0,9.0,9.0,0.0,8.0,7.0,10.0,9.0,0.0,8.0,10.0,10.0,10.0,10.0,10.0,9.0,10.0,10.0,10.0,10.0,10.0,0.0,10.0,10.0,10.0,10.0
53,53.0,1.0,1.0,1.0,1.0,1.0,1.0,1.0,1.0,1.0,1.0,0.0,1.0,3.0,1.0,1.0,1.0,1.0,1.0,0.0,1.0,0.0,2.0,0.0,2.0,2.0,2.0,2.0,0.0,0.0,2.0,2.0,3.0,0.0,1.0,2.0,2.0,2.0,2.0,2.0,2.0,3.0,3.0,3.0,3.0,3.0,3.0,3.0,3.0,3.0,3.0,0.0,3.0,3.0,3.0,3.0,3.0,3.0,3.0,3.0,3.0,5.0,4.0,4.0,4.0,4.0,4.0,4.0,4.0,0.0,4.0,4.0,4.0,4.0,4.0,4.0,0.0,6.0,4.0,4.0,6.0,5.0,5.0,5.0,5.0,5.0,5.0,5.0,5.0,5.0,5.0,5.0,5.0,0.0,0.0,5.0,5.0,0.0,7.0,5.0,0.0,6.0,6.0,6.0,6.0,6.0,0.0,6.0,6.0,0.0,6.0,6.0,6.0,6.0,6.0,6.0,6.0,6.0,6.0,6.0,6.0,7.0,7.0,7.0,7.0,7.0,5.0,7.0,7.0,7.0,7.0,7.0,7.0,7.0,6.0,0.0,7.0,0.0,7.0,7.0,7.0,8.0,8.0,8.0,8.0,8.0,8.0,0.0,8.0,0.0,8.0,8.0,8.0,8.0,8.0,8.0,8.0,8.0,0.0,0.0,8.0,9.0,7.0,9.0,9.0,0.0,9.0,9.0,9.0,9.0,9.0,9.0,9.0,0.0,9.0,9.0,9.0,9.0,9.0,9.0,7.0,9.0,10.0,10.0,10.0,10.0,0.0,10.0,10.0,0.0,10.0,10.0,10.0,0.0,10.0,10.0,10.0,0.0,10.0,10.0,10.0
54,54.0,1.0,3.0,1.0,1.0,1.0,1.0,1.0,1.0,1.0,1.0,1.0,1.0,3.0,0.0,0.0,1.0,1.0,1.0,2.0,1.0,2.0,3.0,0.0,4.0,2.0,2.0,2.0,2.0,2.0,2.0,2.0,2.0,2.0,1.0,2.0,2.0,2.0,2.0,2.0,2.0,3.0,3.0,3.0,3.0,3.0,3.0,3.0,3.0,3.0,3.0,3.0,3.0,0.0,3.0,3.0,3.0,3.0,3.0,3.0,3.0,4.0,4.0,4.0,0.0,4.0,4.0,0.0,4.0,4.0,4.0,4.0,4.0,4.0,0.0,0.0,4.0,6.0,6.0,4.0,4.0,5.0,5.0,5.0,5.0,5.0,5.0,5.0,5.0,5.0,5.0,0.0,5.0,4.0,5.0,5.0,5.0,5.0,5.0,5.0,5.0,6.0,6.0,6.0,6.0,6.0,6.0,6.0,6.0,6.0,5.0,6.0,6.0,6.0,6.0,6.0,8.0,6.0,6.0,6.0,6.0,7.0,7.0,7.0,7.0,7.0,7.0,7.0,7.0,7.0,7.0,7.0,7.0,7.0,7.0,9.0,0.0,7.0,7.0,7.0,7.0,8.0,8.0,8.0,8.0,8.0,8.0,0.0,8.0,8.0,8.0,0.0,8.0,8.0,8.0,8.0,8.0,8.0,8.0,8.0,8.0,0.0,9.0,9.0,9.0,0.0,9.0,9.0,9.0,9.0,9.0,9.0,9.0,9.0,9.0,9.0,0.0,9.0,9.0,9.0,0.0,10.0,0.0,10.0,10.0,10.0,10.0,10.0,10.0,10.0,10.0,10.0,10.0,10.0,10.0,10.0,0.0,10.0,10.0,0.0,10.0
55,55.0,0.0,1.0,1.0,1.0,1.0,1.0,3.0,1.0,1.0,0.0,1.0,1.0,1.0,1.0,1.0,1.0,1.0,1.0,1.0,1.0,2.0,2.0,1.0,0.0,2.0,3.0,0.0,2.0,2.0,2.0,2.0,2.0,2.0,2.0,2.0,2.0,2.0,2.0,2.0,2.0,3.0,3.0,3.0,0.0,3.0,5.0,3.0,3.0,0.0,3.0,0.0,3.0,3.0,3.0,3.0,3.0,3.0,0.0,0.0,3.0,4.0,6.0,4.0,4.0,4.0,4.0,4.0,0.0,4.0,4.0,4.0,0.0,4.0,4.0,4.0,4.0,4.0,4.0,4.0,0.0,5.0,5.0,0.0,5.0,5.0,0.0,5.0,5.0,5.0,5.0,0.0,5.0,5.0,5.0,5.0,5.0,0.0,5.0,5.0,5.0,6.0,6.0,6.0,6.0,6.0,6.0,0.0,6.0,6.0,6.0,6.0,6.0,6.0,6.0,6.0,6.0,6.0,6.0,6.0,6.0,7.0,7.0,7.0,7.0,7.0,7.0,7.0,7.0,7.0,0.0,7.0,0.0,7.0,7.0,7.0,7.0,7.0,7.0,7.0,7.0,8.0,8.0,8.0,8.0,8.0,8.0,0.0,7.0,8.0,8.0,8.0,8.0,8.0,0.0,8.0,8.0,0.0,8.0,8.0,8.0,9.0,9.0,7.0,0.0,9.0,9.0,9.0,0.0,9.0,9.0,9.0,9.0,9.0,9.0,9.0,9.0,9.0,9.0,10.0,9.0,8.0,10.0,10.0,10.0,10.0,10.0,10.0,10.0,10.0,10.0,10.0,10.0,10.0,10.0,10.0,10.0,10.0,10.0,10.0,10.0
56,56.0,1.0,1.0,1.0,1.0,1.0,1.0,1.0,1.0,1.0,1.0,1.0,1.0,0.0,1.0,1.0,1.0,1.0,1.0,1.0,1.0,2.0,2.0,2.0,2.0,2.0,2.0,2.0,2.0,0.0,2.0,2.0,2.0,2.0,2.0,2.0,2.0,2.0,2.0,2.0,2.0,3.0,0.0,3.0,3.0,3.0,3.0,3.0,3.0,3.0,3.0,3.0,3.0,3.0,3.0,3.0,3.0,3.0,3.0,3.0,3.0,4.0,4.0,4.0,0.0,4.0,4.0,4.0,4.0,4.0,4.0,4.0,4.0,4.0,3.0,4.0,4.0,4.0,4.0,6.0,0.0,6.0,5.0,5.0,5.0,5.0,5.0,5.0,5.0,5.0,5.0,5.0,5.0,5.0,5.0,5.0,5.0,5.0,5.0,0.0,5.0,6.0,6.0,6.0,6.0,6.0,6.0,6.0,6.0,5.0,6.0,6.0,6.0,0.0,6.0,6.0,6.0,6.0,6.0,0.0,6.0,7.0,7.0,7.0,7.0,0.0,7.0,7.0,7.0,7.0,0.0,7.0,7.0,7.0,7.0,7.0,7.0,7.0,7.0,0.0,7.0,8.0,8.0,8.0,8.0,0.0,8.0,8.0,8.0,8.0,8.0,8.0,8.0,0.0,0.0,8.0,8.0,8.0,8.0,8.0,8.0,9.0,9.0,10.0,9.0,9.0,9.0,9.0,9.0,9.0,9.0,9.0,9.0,9.0,0.0,9.0,9.0,9.0,9.0,9.0,9.0,10.0,10.0,10.0,10.0,0.0,10.0,10.0,10.0,10.0,10.0,10.0,10.0,10.0,0.0,10.0,10.0,10.0,0.0,0.0,10.0
57,57.0,1.0,1.0,1.0,0.0,1.0,1.0,1.0,1.0,1.0,1.0,1.0,1.0,3.0,1.0,1.0,1.0,1.0,2.0,0.0,1.0,2.0,2.0,2.0,2.0,2.0,2.0,2.0,2.0,2.0,2.0,2.0,2.0,2.0,2.0,2.0,2.0,2.0,2.0,3.0,2.0,3.0,2.0,3.0,2.0,1.0,3.0,0.0,3.0,3.0,3.0,0.0,3.0,1.0,1.0,0.0,3.0,4.0,3.0,3.0,3.0,3.0,4.0,0.0,4.0,4.0,4.0,4.0,4.0,4.0,4.0,4.0,0.0,3.0,4.0,4.0,0.0,4.0,4.0,0.0,4.0,5.0,5.0,0.0,7.0,5.0,0.0,5.0,5.0,5.0,3.0,5.0,5.0,5.0,5.0,5.0,0.0,5.0,5.0,6.0,5.0,6.0,6.0,6.0,6.0,6.0,6.0,6.0,6.0,6.0,6.0,6.0,6.0,6.0,6.0,6.0,6.0,6.0,6.0,0.0,6.0,7.0,7.0,7.0,7.0,7.0,7.0,7.0,7.0,7.0,7.0,7.0,0.0,7.0,7.0,7.0,7.0,7.0,7.0,7.0,0.0,0.0,0.0,8.0,0.0,6.0,8.0,8.0,9.0,8.0,8.0,8.0,8.0,8.0,8.0,8.0,8.0,8.0,6.0,8.0,0.0,9.0,9.0,9.0,9.0,9.0,9.0,9.0,0.0,9.0,9.0,7.0,9.0,9.0,9.0,9.0,9.0,8.0,0.0,9.0,9.0,10.0,0.0,10.0,10.0,0.0,0.0,10.0,10.0,10.0,10.0,10.0,10.0,10.0,10.0,10.0,10.0,10.0,10.0,10.0,10.0
58,58.0,1.0,1.0,1.0,1.0,1.0,1.0,1.0,1.0,1.0,1.0,1.0,1.0,1.0,1.0,1.0,1.0,1.0,0.0,1.0,1.0,2.0,0.0,2.0,2.0,0.0,2.0,2.0,2.0,2.0,2.0,2.0,2.0,0.0,2.0,0.0,2.0,2.0,2.0,2.0,2.0,3.0,2.0,3.0,3.0,3.0,3.0,3.0,3.0,3.0,3.0,3.0,0.0,0.0,0.0,3.0,3.0,3.0,3.0,3.0,3.0,4.0,3.0,4.0,4.0,4.0,4.0,4.0,4.0,4.0,0.0,4.0,4.0,4.0,4.0,4.0,4.0,4.0,4.0,2.0,4.0,5.0,5.0,0.0,5.0,5.0,5.0,5.0,5.0,5.0,4.0,0.0,5.0,5.0,5.0,5.0,5.0,5.0,5.0,4.0,0.0,7.0,6.0,0.0,6.0,6.0,6.0,6.0,6.0,7.0,6.0,6.0,6.0,6.0,6.0,6.0,6.0,6.0,6.0,6.0,6.0,0.0,7.0,7.0,7.0,7.0,7.0,7.0,0.0,7.0,0.0,9.0,7.0,7.0,7.0,7.0,0.0,7.0,7.0,7.0,7.0,8.0,8.0,8.0,8.0,8.0,8.0,8.0,8.0,8.0,8.0,8.0,8.0,8.0,8.0,9.0,8.0,8.0,8.0,8.0,8.0,9.0,9.0,9.0,9.0,9.0,9.0,9.0,7.0,9.0,9.0,9.0,9.0,9.0,10.0,9.0,9.0,9.0,10.0,9.0,9.0,10.0,9.0,0.0,10.0,10.0,10.0,10.0,10.0,0.0,10.0,0.0,10.0,10.0,10.0,0.0,10.0,10.0,10.0,10.0,0.0
59,59.0,1.0,1.0,0.0,1.0,1.0,3.0,1.0,3.0,1.0,1.0,1.0,1.0,1.0,1.0,1.0,1.0,0.0,1.0,1.0,1.0,2.0,0.0,2.0,1.0,2.0,2.0,2.0,2.0,2.0,2.0,2.0,2.0,2.0,2.0,2.0,2.0,2.0,2.0,2.0,2.0,3.0,0.0,3.0,4.0,3.0,0.0,2.0,3.0,3.0,3.0,3.0,0.0,3.0,3.0,2.0,3.0,3.0,3.0,3.0,0.0,4.0,4.0,4.0,4.0,4.0,4.0,4.0,4.0,2.0,4.0,4.0,0.0,4.0,4.0,0.0,4.0,4.0,4.0,4.0,4.0,5.0,5.0,7.0,5.0,5.0,0.0,5.0,5.0,5.0,5.0,5.0,5.0,5.0,5.0,5.0,5.0,5.0,5.0,5.0,5.0,3.0,6.0,6.0,4.0,6.0,6.0,0.0,6.0,6.0,6.0,6.0,6.0,6.0,6.0,6.0,6.0,0.0,6.0,0.0,6.0,7.0,7.0,7.0,6.0,7.0,7.0,8.0,7.0,7.0,7.0,7.0,7.0,5.0,0.0,7.0,7.0,7.0,7.0,0.0,7.0,8.0,8.0,8.0,8.0,8.0,8.0,8.0,8.0,8.0,8.0,8.0,8.0,0.0,8.0,8.0,8.0,0.0,8.0,8.0,8.0,9.0,9.0,9.0,7.0,9.0,9.0,9.0,9.0,9.0,9.0,0.0,0.0,9.0,9.0,10.0,10.0,0.0,8.0,9.0,9.0,10.0,10.0,10.0,0.0,10.0,10.0,10.0,10.0,9.0,9.0,10.0,10.0,8.0,10.0,10.0,10.0,9.0,10.0,10.0,9.0
60,60.0,1.0,1.0,1.0,1.0,1.0,1.0,1.0,1.0,1.0,1.0,1.0,1.0,1.0,1.0,0.0,1.0,1.0,0.0,1.0,1.0,2.0,2.0,0.0,2.0,2.0,2.0,2.0,2.0,2.0,2.0,2.0,2.0,2.0,2.0,2.0,2.0,2.0,0.0,2.0,2.0,3.0,3.0,2.0,3.0,3.0,3.0,3.0,3.0,3.0,3.0,3.0,3.0,2.0,3.0,3.0,3.0,3.0,3.0,3.0,3.0,3.0,4.0,0.0,4.0,4.0,4.0,4.0,0.0,4.0,5.0,0.0,4.0,0.0,4.0,0.0,5.0,4.0,2.0,4.0,4.0,0.0,5.0,5.0,5.0,5.0,5.0,5.0,5.0,5.0,5.0,5.0,4.0,5.0,5.0,5.0,5.0,5.0,5.0,0.0,5.0,6.0,6.0,6.0,6.0,6.0,6.0,6.0,6.0,6.0,6.0,6.0,6.0,6.0,6.0,6.0,6.0,6.0,6.0,6.0,6.0,7.0,7.0,0.0,7.0,7.0,0.0,7.0,7.0,6.0,8.0,7.0,0.0,7.0,7.0,7.0,7.0,7.0,7.0,0.0,5.0,8.0,8.0,0.0,8.0,8.0,8.0,8.0,8.0,8.0,8.0,8.0,8.0,8.0,8.0,8.0,8.0,8.0,0.0,8.0,0.0,9.0,9.0,0.0,9.0,9.0,9.0,9.0,8.0,9.0,9.0,9.0,9.0,0.0,8.0,9.0,0.0,9.0,0.0,9.0,8.0,10.0,10.0,10.0,10.0,10.0,0.0,10.0,10.0,9.0,10.0,10.0,10.0,10.0,10.0,10.0,10.0,10.0,10.0,10.0,10.0
61,61.0,1.0,1.0,1.0,1.0,1.0,1.0,1.0,0.0,1.0,1.0,1.0,1.0,1.0,1.0,1.0,1.0,1.0,1.0,1.0,1.0,2.0,2.0,2.0,2.0,2.0,4.0,2.0,3.0,2.0,2.0,2.0,2.0,2.0,2.0,2.0,2.0,2.0,2.0,2.0,2.0,3.0,0.0,3.0,3.0,3.0,3.0,3.0,0.0,3.0,3.0,3.0,3.0,3.0,0.0,0.0,3.0,3.0,0.0,3.0,3.0,4.0,4.0,0.0,0.0,4.0,4.0,0.0,4.0,4.0,4.0,4.0,4.0,4.0,4.0,4.0,4.0,4.0,4.0,4.0,0.0,5.0,5.0,5.0,5.0,5.0,5.0,5.0,5.0,5.0,5.0,0.0,5.0,5.0,5.0,5.0,5.0,5.0,5.0,5.0,5.0,6.0,6.0,6.0,0.0,6.0,6.0,6.0,6.0,6.0,6.0,5.0,6.0,6.0,6.0,6.0,6.0,6.0,6.0,6.0,6.0,7.0,9.0,6.0,7.0,7.0,7.0,0.0,7.0,7.0,7.0,9.0,5.0,7.0,7.0,7.0,7.0,7.0,7.0,7.0,7.0,8.0,0.0,0.0,8.0,8.0,8.0,8.0,8.0,8.0,8.0,8.0,8.0,8.0,8.0,0.0,0.0,8.0,8.0,8.0,8.0,9.0,9.0,9.0,9.0,9.0,9.0,7.0,9.0,9.0,9.0,9.0,9.0,9.0,9.0,9.0,0.0,9.0,9.0,9.0,9.0,10.0,10.0,0.0,10.0,9.0,10.0,10.0,10.0,10.0,10.0,10.0,10.0,10.0,10.0,10.0,10.0,10.0,10.0,10.0,10.0
62,62.0,1.0,1.0,1.0,1.0,1.0,1.0,2.0,1.0,1.0,1.0,1.0,1.0,1.0,1.0,1.0,1.0,1.0,1.0,1.0,0.0,2.0,2.0,0.0,2.0,2.0,2.0,2.0,2.0,2.0,2.0,2.0,4.0,2.0,2.0,2.0,2.0,0.0,2.0,2.0,2.0,0.0,3.0,3.0,3.0,3.0,3.0,3.0,3.0,3.0,3.0,3.0,3.0,3.0,3.0,3.0,2.0,3.0,3.0,2.0,3.0,4.0,4.0,4.0,4.0,0.0,4.0,4.0,4.0,4.0,6.0,4.0,4.0,4.0,4.0,2.0,4.0,4.0,4.0,4.0,4.0,0.0,5.0,4.0,0.0,5.0,5.0,5.0,5.0,5.0,5.0,0.0,5.0,5.0,0.0,5.0,5.0,5.0,5.0,5.0,5.0,6.0,0.0,6.0,6.0,6.0,4.0,6.0,6.0,6.0,7.0,6.0,6.0,0.0,6.0,6.0,6.0,6.0,6.0,6.0,6.0,7.0,7.0,7.0,7.0,7.0,7.0,8.0,7.0,7.0,7.0,7.0,7.0,7.0,7.0,7.0,0.0,7.0,7.0,7.0,9.0,8.0,7.0,8.0,8.0,8.0,8.0,0.0,8.0,8.0,8.0,8.0,0.0,8.0,0.0,10.0,8.0,8.0,8.0,8.0,8.0,9.0,0.0,9.0,9.0,9.0,9.0,9.0,9.0,9.0,9.0,0.0,9.0,9.0,9.0,9.0,8.0,9.0,9.0,9.0,9.0,10.0,10.0,10.0,10.0,10.0,10.0,10.0,10.0,8.0,0.0,10.0,10.0,10.0,10.0,10.0,10.0,10.0,10.0,10.0,10.0
63,63.0,1.0,1.0,1.0,1.0,1.0,1.0,1.0,1.0,1.0,1.0,1.0,1.0,0.0,1.0,1.0,1.0,1.0,1.0,1.0,1.0,2.0,2.0,2.0,0.0,2.0,2.0,2.0,2.0,2.0,2.0,0.0,0.0,2.0,2.0,2.0,2.0,4.0,2.0,2.0,2.0,0.0,3.0,3.0,3.0,3.0,0.0,3.0,3.0,3.0,3.0,0.0,3.0,3.0,3.0,3.0,0.0,3.0,3.0,3.0,3.0,4.0,4.0,4.0,0.0,0.0,0.0,4.0,4.0,4.0,4.0,4.0,4.0,4.0,4.0,4.0,4.0,4.0,4.0,4.0,4.0,5.0,5.0,5.0,5.0,5.0,5.0,5.0,5.0,5.0,3.0,5.0,5.0,5.0,5.0,5.0,5.0,5.0,5.0,5.0,5.0,6.0,0.0,6.0,6.0,6.0,6.0,6.0,6.0,6.0,6.0,6.0,0.0,6.0,6.0,6.0,6.0,6.0,6.0,0.0,6.0,7.0,7.0,7.0,7.0,7.0,7.0,7.0,7.0,7.0,7.0,7.0,7.0,5.0,0.0,7.0,7.0,7.0,7.0,7.0,7.0,8.0,8.0,8.0,8.0,8.0,8.0,8.0,8.0,10.0,8.0,8.0,8.0,8.0,8.0,0.0,8.0,8.0,8.0,0.0,8.0,9.0,9.0,9.0,0.0,9.0,7.0,9.0,9.0,9.0,9.0,9.0,9.0,9.0,9.0,9.0,9.0,9.0,9.0,0.0,9.0,9.0,10.0,10.0,10.0,10.0,10.0,10.0,10.0,9.0,10.0,10.0,10.0,10.0,10.0,0.0,10.0,10.0,10.0,10.0,10.0
64,64.0,1.0,1.0,1.0,1.0,0.0,1.0,0.0,1.0,1.0,1.0,1.0,1.0,0.0,1.0,1.0,1.0,0.0,1.0,1.0,1.0,2.0,2.0,2.0,1.0,2.0,2.0,2.0,2.0,2.0,2.0,2.0,2.0,2.0,2.0,2.0,2.0,0.0,2.0,0.0,2.0,3.0,3.0,3.0,3.0,3.0,3.0,3.0,3.0,3.0,0.0,3.0,3.0,3.0,0.0,3.0,3.0,3.0,3.0,3.0,0.0,4.0,4.0,4.0,4.0,4.0,4.0,4.0,4.0,0.0,4.0,2.0,4.0,4.0,4.0,4.0,4.0,4.0,4.0,0.0,0.0,5.0,5.0,5.0,0.0,5.0,4.0,5.0,5.0,5.0,0.0,5.0,5.0,5.0,5.0,5.0,5.0,5.0,5.0,5.0,5.0,6.0,6.0,6.0,6.0,6.0,0.0,6.0,0.0,0.0,6.0,6.0,0.0,6.0,6.0,6.0,6.0,6.0,6.0,6.0,6.0,7.0,5.0,0.0,7.0,0.0,7.0,7.0,7.0,7.0,7.0,9.0,7.0,7.0,7.0,7.0,7.0,7.0,7.0,7.0,7.0,6.0,0.0,0.0,8.0,8.0,8.0,8.0,8.0,8.0,9.0,0.0,8.0,8.0,0.0,8.0,8.0,8.0,8.0,8.0,8.0,9.0,9.0,9.0,9.0,10.0,9.0,9.0,9.0,9.0,0.0,9.0,9.0,9.0,9.0,9.0,9.0,0.0,9.0,9.0,9.0,10.0,10.0,10.0,10.0,0.0,10.0,10.0,10.0,10.0,10.0,0.0,10.0,10.0,10.0,10.0,10.0,10.0,10.0,10.0,0.0
65,65.0,1.0,1.0,1.0,3.0,1.0,1.0,1.0,1.0,1.0,1.0,1.0,1.0,0.0,1.0,1.0,1.0,1.0,1.0,1.0,1.0,2.0,2.0,2.0,2.0,2.0,2.0,2.0,2.0,2.0,2.0,2.0,2.0,2.0,2.0,4.0,2.0,2.0,2.0,2.0,2.0,3.0,0.0,3.0,3.0,3.0,3.0,3.0,4.0,3.0,3.0,3.0,3.0,3.0,3.0,3.0,2.0,3.0,3.0,3.0,3.0,0.0,4.0,4.0,4.0,4.0,3.0,0.0,4.0,4.0,4.0,4.0,4.0,4.0,4.0,4.0,4.0,4.0,4.0,4.0,4.0,5.0,5.0,5.0,7.0,5.0,0.0,5.0,5.0,5.0,5.0,5.0,5.0,5.0,4.0,5.0,5.0,4.0,5.0,5.0,5.0,6.0,0.0,6.0,6.0,6.0,0.0,6.0,6.0,4.0,6.0,6.0,6.0,0.0,0.0,6.0,6.0,6.0,6.0,6.0,6.0,5.0,7.0,7.0,7.0,7.0,7.0,0.0,0.0,7.0,7.0,7.0,7.0,6.0,7.0,7.0,6.0,7.0,7.0,7.0,7.0,8.0,8.0,8.0,8.0,8.0,8.0,8.0,8.0,8.0,8.0,0.0,8.0,8.0,8.0,8.0,8.0,8.0,8.0,0.0,8.0,9.0,9.0,9.0,0.0,0.0,9.0,0.0,9.0,9.0,10.0,0.0,9.0,9.0,9.0,9.0,9.0,9.0,0.0,0.0,9.0,10.0,10.0,10.0,10.0,10.0,10.0,10.0,10.0,10.0,10.0,10.0,10.0,10.0,10.0,10.0,10.0,10.0,10.0,0.0,10.0
66,66.0,1.0,1.0,1.0,1.0,1.0,1.0,1.0,1.0,2.0,1.0,2.0,2.0,3.0,1.0,0.0,1.0,0.0,1.0,1.0,1.0,2.0,0.0,2.0,1.0,2.0,2.0,2.0,2.0,2.0,2.0,2.0,4.0,2.0,2.0,2.0,2.0,2.0,2.0,2.0,2.0,3.0,4.0,3.0,3.0,5.0,3.0,3.0,3.0,0.0,0.0,3.0,3.0,3.0,3.0,3.0,0.0,0.0,3.0,3.0,0.0,4.0,4.0,0.0,4.0,4.0,4.0,4.0,4.0,3.0,4.0,4.0,4.0,4.0,4.0,4.0,4.0,0.0,4.0,2.0,6.0,5.0,5.0,5.0,0.0,5.0,3.0,4.0,0.0,5.0,5.0,5.0,0.0,0.0,5.0,5.0,5.0,5.0,0.0,5.0,5.0,0.0,6.0,6.0,6.0,6.0,6.0,6.0,6.0,6.0,6.0,6.0,8.0,6.0,6.0,0.0,6.0,6.0,6.0,0.0,6.0,7.0,7.0,7.0,7.0,7.0,0.0,0.0,0.0,7.0,7.0,7.0,7.0,0.0,0.0,7.0,0.0,7.0,7.0,7.0,7.0,8.0,8.0,8.0,8.0,6.0,0.0,8.0,6.0,8.0,7.0,8.0,8.0,0.0,8.0,8.0,8.0,10.0,8.0,8.0,8.0,9.0,9.0,9.0,9.0,9.0,9.0,9.0,9.0,9.0,9.0,9.0,9.0,0.0,9.0,9.0,9.0,9.0,9.0,0.0,9.0,10.0,0.0,10.0,10.0,10.0,10.0,10.0,10.0,10.0,10.0,10.0,10.0,10.0,10.0,10.0,10.0,10.0,0.0,0.0,10.0
67,67.0,1.0,1.0,1.0,2.0,1.0,1.0,1.0,1.0,1.0,1.0,2.0,1.0,0.0,1.0,1.0,1.0,1.0,1.0,1.0,1.0,2.0,2.0,2.0,2.0,2.0,2.0,0.0,2.0,2.0,2.0,2.0,0.0,2.0,2.0,2.0,2.0,2.0,2.0,2.0,2.0,3.0,3.0,3.0,3.0,3.0,3.0,3.0,3.0,3.0,3.0,3.0,3.0,4.0,3.0,3.0,3.0,3.0,3.0,3.0,3.0,0.0,4.0,4.0,4.0,4.0,5.0,0.0,4.0,4.0,4.0,4.0,4.0,4.0,4.0,4.0,4.0,4.0,0.0,4.0,4.0,5.0,0.0,0.0,5.0,5.0,5.0,5.0,0.0,5.0,5.0,5.0,5.0,5.0,5.0,5.0,5.0,5.0,0.0,0.0,5.0,6.0,6.0,6.0,6.0,0.0,8.0,6.0,6.0,6.0,6.0,6.0,6.0,6.0,7.0,6.0,6.0,6.0,6.0,6.0,6.0,7.0,7.0,7.0,7.0,7.0,7.0,7.0,0.0,5.0,7.0,0.0,9.0,7.0,7.0,7.0,7.0,7.0,9.0,7.0,0.0,8.0,8.0,8.0,8.0,8.0,9.0,6.0,8.0,0.0,8.0,0.0,8.0,8.0,8.0,0.0,8.0,8.0,10.0,8.0,8.0,9.0,9.0,9.0,9.0,9.0,9.0,9.0,9.0,9.0,9.0,9.0,9.0,9.0,9.0,9.0,9.0,9.0,9.0,9.0,9.0,10.0,10.0,10.0,0.0,10.0,10.0,10.0,10.0,10.0,0.0,10.0,10.0,0.0,10.0,10.0,9.0,10.0,10.0,8.0,10.0
68,68.0,1.0,1.0,1.0,0.0,1.0,1.0,0.0,1.0,1.0,1.0,1.0,1.0,1.0,2.0,1.0,1.0,2.0,1.0,1.0,1.0,2.0,2.0,2.0,1.0,2.0,2.0,2.0,2.0,0.0,3.0,2.0,2.0,2.0,2.0,2.0,0.0,2.0,2.0,3.0,2.0,3.0,3.0,3.0,3.0,3.0,3.0,0.0,3.0,3.0,3.0,3.0,3.0,3.0,3.0,3.0,3.0,3.0,3.0,0.0,3.0,4.0,4.0,4.0,4.0,6.0,4.0,4.0,4.0,4.0,4.0,4.0,4.0,4.0,2.0,0.0,4.0,4.0,4.0,4.0,4.0,5.0,5.0,5.0,0.0,4.0,5.0,5.0,5.0,5.0,0.0,5.0,5.0,5.0,5.0,5.0,5.0,5.0,5.0,5.0,5.0,6.0,6.0,6.0,6.0,6.0,8.0,0.0,8.0,6.0,6.0,6.0,6.0,6.0,6.0,6.0,6.0,6.0,6.0,6.0,6.0,7.0,7.0,7.0,7.0,7.0,5.0,7.0,0.0,7.0,7.0,8.0,0.0,9.0,7.0,7.0,7.0,7.0,0.0,7.0,7.0,8.0,8.0,8.0,9.0,8.0,8.0,8.0,8.0,8.0,8.0,8.0,8.0,8.0,8.0,8.0,8.0,6.0,8.0,8.0,8.0,9.0,9.0,9.0,9.0,9.0,9.0,9.0,9.0,9.0,9.0,9.0,9.0,9.0,9.0,9.0,9.0,9.0,9.0,9.0,0.0,7.0,10.0,10.0,10.0,10.0,10.0,0.0,10.0,10.0,10.0,0.0,10.0,10.0,10.0,10.0,10.0,10.0,8.0,10.0,10.0
69,69.0,1.0,1.0,1.0,1.0,1.0,0.0,1.0,2.0,0.0,1.0,1.0,1.0,1.0,1.0,3.0,1.0,1.0,1.0,1.0,1.0,2.0,2.0,0.0,2.0,0.0,2.0,2.0,2.0,0.0,4.0,4.0,2.0,0.0,2.0,2.0,2.0,2.0,4.0,1.0,2.0,3.0,3.0,1.0,3.0,3.0,3.0,3.0,3.0,3.0,3.0,3.0,3.0,3.0,3.0,5.0,3.0,3.0,3.0,3.0,3.0,4.0,4.0,4.0,5.0,4.0,4.0,4.0,4.0,4.0,0.0,4.0,4.0,4.0,4.0,4.0,4.0,0.0,6.0,0.0,4.0,5.0,5.0,4.0,5.0,5.0,5.0,5.0,5.0,5.0,4.0,5.0,5.0,0.0,5.0,5.0,5.0,5.0,5.0,5.0,0.0,6.0,0.0,6.0,6.0,6.0,8.0,6.0,6.0,6.0,0.0,6.0,6.0,6.0,6.0,6.0,6.0,6.0,6.0,6.0,6.0,7.0,7.0,0.0,7.0,7.0,0.0,7.0,7.0,7.0,7.0,7.0,7.0,7.0,6.0,7.0,7.0,7.0,7.0,7.0,7.0,8.0,8.0,8.0,8.0,9.0,8.0,8.0,0.0,8.0,8.0,0.0,8.0,0.0,8.0,0.0,7.0,0.0,8.0,8.0,8.0,0.0,0.0,9.0,9.0,9.0,8.0,9.0,9.0,9.0,9.0,9.0,9.0,9.0,9.0,0.0,9.0,9.0,9.0,8.0,9.0,10.0,10.0,10.0,8.0,10.0,10.0,10.0,10.0,10.0,10.0,10.0,10.0,10.0,10.0,10.0,0.0,10.0,10.0,10.0,10.0
70,70.0,1.0,1.0,1.0,1.0,1.0,0.0,1.0,1.0,1.0,1.0,1.0,1.0,1.0,1.0,3.0,1.0,1.0,1.0,1.0,1.0,0.0,2.0,2.0,0.0,2.0,2.0,2.0,2.0,2.0,2.0,2.0,2.0,2.0,2.0,2.0,1.0,2.0,2.0,2.0,2.0,0.0,3.0,0.0,3.0,3.0,3.0,3.0,3.0,3.0,3.0,3.0,3.0,3.0,3.0,3.0,3.0,3.0,3.0,3.0,0.0,4.0,4.0,4.0,4.0,4.0,4.0,4.0,4.0,4.0,4.0,4.0,4.0,4.0,0.0,4.0,0.0,4.0,4.0,4.0,4.0,5.0,5.0,5.0,5.0,5.0,5.0,0.0,4.0,0.0,0.0,0.0,5.0,5.0,7.0,5.0,0.0,5.0,5.0,5.0,5.0,6.0,6.0,6.0,6.0,5.0,6.0,4.0,6.0,6.0,6.0,6.0,6.0,6.0,6.0,6.0,8.0,6.0,6.0,6.0,6.0,7.0,7.0,7.0,7.0,7.0,0.0,7.0,7.0,7.0,7.0,7.0,7.0,8.0,7.0,7.0,7.0,7.0,7.0,7.0,7.0,8.0,8.0,8.0,8.0,8.0,8.0,8.0,8.0,8.0,8.0,8.0,8.0,8.0,8.0,8.0,8.0,8.0,8.0,0.0,8.0,6.0,9.0,9.0,10.0,0.0,9.0,9.0,9.0,0.0,9.0,9.0,9.0,9.0,9.0,0.0,9.0,9.0,9.0,9.0,9.0,10.0,8.0,10.0,0.0,0.0,10.0,10.0,8.0,10.0,0.0,10.0,10.0,10.0,10.0,10.0,10.0,10.0,10.0,10.0,10.0
71,71.0,1.0,2.0,1.0,1.0,1.0,1.0,1.0,1.0,1.0,3.0,1.0,1.0,1.0,1.0,1.0,1.0,1.0,1.0,0.0,1.0,2.0,2.0,2.0,2.0,2.0,2.0,2.0,2.0,2.0,2.0,2.0,4.0,2.0,0.0,3.0,2.0,2.0,0.0,2.0,0.0,3.0,3.0,3.0,3.0,3.0,3.0,3.0,0.0,3.0,3.0,3.0,3.0,3.0,0.0,3.0,3.0,3.0,3.0,3.0,3.0,4.0,0.0,4.0,4.0,4.0,0.0,4.0,4.0,4.0,4.0,4.0,4.0,4.0,4.0,4.0,3.0,4.0,4.0,4.0,4.0,5.0,5.0,5.0,5.0,0.0,5.0,5.0,5.0,5.0,0.0,5.0,3.0,5.0,5.0,5.0,0.0,5.0,5.0,5.0,5.0,6.0,6.0,6.0,6.0,6.0,6.0,6.0,6.0,6.0,6.0,5.0,6.0,6.0,6.0,6.0,6.0,6.0,6.0,6.0,6.0,0.0,7.0,7.0,7.0,7.0,7.0,7.0,7.0,0.0,0.0,7.0,7.0,7.0,7.0,7.0,0.0,7.0,7.0,0.0,7.0,8.0,8.0,8.0,8.0,8.0,0.0,0.0,7.0,7.0,8.0,8.0,8.0,8.0,8.0,8.0,8.0,8.0,8.0,8.0,8.0,9.0,9.0,9.0,9.0,8.0,9.0,9.0,9.0,9.0,9.0,9.0,9.0,9.0,9.0,9.0,9.0,9.0,9.0,9.0,0.0,10.0,10.0,10.0,10.0,10.0,10.0,10.0,10.0,10.0,0.0,10.0,0.0,10.0,0.0,10.0,10.0,10.0,10.0,10.0,9.0
72,72.0,1.0,0.0,1.0,0.0,1.0,0.0,3.0,0.0,1.0,1.0,1.0,1.0,1.0,1.0,0.0,1.0,1.0,1.0,1.0,1.0,2.0,2.0,2.0,2.0,2.0,2.0,2.0,2.0,2.0,0.0,0.0,2.0,0.0,2.0,2.0,0.0,2.0,2.0,3.0,2.0,3.0,3.0,3.0,3.0,3.0,0.0,3.0,3.0,3.0,3.0,0.0,3.0,3.0,3.0,3.0,3.0,3.0,3.0,0.0,0.0,4.0,4.0,4.0,4.0,4.0,6.0,4.0,2.0,4.0,2.0,4.0,4.0,4.0,0.0,4.0,4.0,4.0,6.0,4.0,4.0,5.0,5.0,5.0,5.0,5.0,5.0,5.0,0.0,5.0,0.0,5.0,0.0,0.0,5.0,5.0,5.0,5.0,0.0,5.0,5.0,6.0,6.0,6.0,6.0,6.0,8.0,6.0,6.0,6.0,6.0,6.0,6.0,6.0,6.0,6.0,6.0,6.0,6.0,6.0,6.0,7.0,7.0,7.0,7.0,7.0,7.0,7.0,7.0,7.0,7.0,0.0,7.0,7.0,7.0,7.0,7.0,7.0,7.0,7.0,7.0,8.0,10.0,8.0,8.0,8.0,8.0,8.0,8.0,8.0,8.0,8.0,8.0,8.0,6.0,8.0,8.0,8.0,8.0,8.0,8.0,0.0,0.0,9.0,0.0,9.0,0.0,9.0,9.0,9.0,9.0,9.0,9.0,0.0,9.0,9.0,9.0,9.0,9.0,0.0,9.0,0.0,10.0,10.0,10.0,10.0,0.0,10.0,10.0,10.0,10.0,0.0,10.0,10.0,10.0,10.0,10.0,10.0,10.0,10.0,10.0
73,73.0,1.0,1.0,1.0,1.0,1.0,1.0,1.0,3.0,1.0,1.0,1.0,1.0,1.0,1.0,1.0,1.0,1.0,1.0,1.0,1.0,2.0,2.0,2.0,2.0,0.0,2.0,3.0,2.0,0.0,2.0,3.0,2.0,2.0,2.0,2.0,2.0,2.0,3.0,2.0,2.0,3.0,3.0,0.0,3.0,3.0,3.0,3.0,3.0,3.0,3.0,3.0,3.0,3.0,0.0,2.0,3.0,3.0,3.0,3.0,3.0,4.0,4.0,4.0,4.0,4.0,4.0,0.0,5.0,4.0,4.0,3.0,4.0,4.0,4.0,4.0,4.0,4.0,4.0,4.0,4.0,5.0,0.0,0.0,5.0,5.0,5.0,5.0,5.0,5.0,5.0,5.0,3.0,5.0,5.0,3.0,5.0,5.0,5.0,6.0,5.0,0.0,6.0,6.0,8.0,6.0,6.0,0.0,6.0,6.0,6.0,6.0,6.0,6.0,6.0,6.0,6.0,7.0,0.0,6.0,6.0,7.0,6.0,7.0,7.0,7.0,7.0,0.0,7.0,7.0,7.0,7.0,7.0,7.0,7.0,7.0,0.0,7.0,7.0,7.0,7.0,8.0,8.0,8.0,8.0,8.0,8.0,8.0,0.0,8.0,0.0,8.0,8.0,10.0,0.0,8.0,6.0,8.0,8.0,8.0,0.0,9.0,9.0,9.0,9.0,9.0,9.0,9.0,9.0,9.0,0.0,9.0,9.0,9.0,0.0,9.0,0.0,0.0,9.0,9.0,9.0,10.0,10.0,10.0,10.0,9.0,10.0,9.0,10.0,10.0,10.0,10.0,10.0,10.0,10.0,10.0,10.0,10.0,10.0,0.0,10.0
74,74.0,1.0,1.0,1.0,1.0,0.0,1.0,1.0,1.0,1.0,0.0,1.0,1.0,1.0,1.0,1.0,1.0,2.0,1.0,1.0,1.0,2.0,2.0,2.0,2.0,2.0,2.0,3.0,2.0,2.0,2.0,3.0,2.0,2.0,2.0,2.0,4.0,2.0,2.0,1.0,0.0,3.0,3.0,3.0,0.0,3.0,3.0,0.0,3.0,3.0,3.0,3.0,3.0,3.0,3.0,3.0,3.0,3.0,0.0,3.0,4.0,0.0,0.0,4.0,4.0,4.0,4.0,4.0,4.0,4.0,4.0,4.0,4.0,0.0,4.0,4.0,4.0,4.0,4.0,4.0,4.0,5.0,5.0,5.0,5.0,5.0,5.0,5.0,0.0,5.0,5.0,5.0,5.0,5.0,5.0,5.0,5.0,5.0,5.0,5.0,5.0,6.0,0.0,6.0,6.0,6.0,6.0,6.0,7.0,6.0,6.0,6.0,0.0,6.0,6.0,6.0,6.0,6.0,6.0,8.0,6.0,5.0,0.0,7.0,7.0,7.0,7.0,7.0,7.0,7.0,0.0,7.0,7.0,0.0,7.0,7.0,0.0,7.0,7.0,7.0,0.0,8.0,8.0,8.0,8.0,0.0,8.0,8.0,8.0,8.0,8.0,8.0,8.0,8.0,8.0,0.0,8.0,8.0,8.0,8.0,8.0,9.0,9.0,9.0,0.0,0.0,9.0,9.0,9.0,9.0,9.0,9.0,9.0,9.0,9.0,9.0,8.0,9.0,9.0,9.0,9.0,10.0,10.0,10.0,10.0,10.0,10.0,10.0,10.0,10.0,10.0,10.0,10.0,10.0,10.0,10.0,9.0,10.0,10.0,10.0,10.0
75,75.0,1.0,1.0,1.0,1.0,1.0,0.0,1.0,0.0,1.0,1.0,1.0,1.0,1.0,1.0,1.0,0.0,1.0,0.0,1.0,1.0,2.0,0.0,2.0,2.0,2.0,2.0,2.0,2.0,2.0,2.0,2.0,0.0,2.0,2.0,2.0,2.0,2.0,2.0,2.0,2.0,3.0,0.0,3.0,3.0,3.0,3.0,0.0,3.0,0.0,3.0,3.0,3.0,3.0,3.0,3.0,3.0,3.0,3.0,3.0,2.0,4.0,0.0,5.0,4.0,4.0,4.0,4.0,4.0,4.0,2.0,0.0,4.0,4.0,4.0,4.0,4.0,4.0,4.0,4.0,4.0,2.0,5.0,7.0,0.0,5.0,5.0,0.0,0.0,5.0,5.0,5.0,5.0,5.0,5.0,5.0,3.0,6.0,5.0,0.0,0.0,6.0,6.0,6.0,6.0,6.0,6.0,0.0,6.0,6.0,6.0,6.0,5.0,6.0,6.0,6.0,6.0,6.0,6.0,6.0,6.0,7.0,7.0,7.0,7.0,7.0,7.0,7.0,7.0,0.0,7.0,7.0,7.0,0.0,9.0,0.0,6.0,7.0,7.0,8.0,7.0,8.0,7.0,8.0,8.0,8.0,8.0,10.0,8.0,8.0,8.0,0.0,8.0,8.0,8.0,0.0,8.0,10.0,8.0,8.0,8.0,9.0,9.0,9.0,9.0,9.0,9.0,0.0,9.0,9.0,9.0,9.0,9.0,9.0,9.0,9.0,9.0,9.0,9.0,9.0,9.0,10.0,10.0,10.0,10.0,10.0,10.0,10.0,10.0,10.0,8.0,10.0,10.0,10.0,10.0,0.0,10.0,10.0,10.0,10.0,10.0
76,76.0,1.0,1.0,0.0,1.0,1.0,1.0,1.0,1.0,1.0,1.0,1.0,1.0,1.0,1.0,1.0,0.0,1.0,1.0,1.0,1.0,0.0,2.0,2.0,0.0,2.0,2.0,4.0,0.0,0.0,2.0,0.0,2.0,2.0,0.0,2.0,2.0,2.0,2.0,2.0,2.0,3.0,3.0,3.0,3.0,3.0,3.0,0.0,3.0,3.0,3.0,3.0,3.0,3.0,3.0,3.0,3.0,3.0,3.0,3.0,3.0,4.0,4.0,4.0,4.0,4.0,4.0,4.0,4.0,0.0,4.0,4.0,4.0,4.0,4.0,4.0,0.0,4.0,4.0,4.0,4.0,0.0,0.0,5.0,0.0,5.0,5.0,5.0,5.0,3.0,3.0,5.0,5.0,5.0,5.0,0.0,5.0,5.0,5.0,5.0,5.0,6.0,6.0,6.0,6.0,6.0,6.0,6.0,0.0,6.0,6.0,6.0,6.0,0.0,6.0,6.0,6.0,7.0,6.0,6.0,6.0,7.0,7.0,7.0,7.0,7.0,0.0,7.0,7.0,7.0,0.0,7.0,7.0,7.0,7.0,7.0,7.0,7.0,7.0,7.0,7.0,8.0,8.0,0.0,8.0,8.0,8.0,8.0,8.0,8.0,8.0,8.0,8.0,8.0,8.0,8.0,8.0,0.0,8.0,8.0,8.0,8.0,0.0,9.0,9.0,9.0,9.0,9.0,9.0,9.0,7.0,9.0,10.0,9.0,9.0,9.0,9.0,9.0,9.0,9.0,9.0,10.0,0.0,10.0,8.0,10.0,10.0,10.0,10.0,10.0,10.0,10.0,10.0,0.0,10.0,10.0,10.0,10.0,10.0,0.0,10.0
77,77.0,1.0,1.0,1.0,1.0,1.0,1.0,1.0,1.0,1.0,3.0,1.0,1.0,1.0,1.0,1.0,0.0,1.0,1.0,0.0,1.0,2.0,2.0,2.0,3.0,2.0,2.0,2.0,2.0,2.0,2.0,0.0,2.0,2.0,2.0,2.0,2.0,2.0,2.0,2.0,2.0,3.0,0.0,0.0,3.0,3.0,3.0,0.0,3.0,3.0,3.0,3.0,3.0,3.0,3.0,0.0,3.0,3.0,0.0,3.0,3.0,4.0,4.0,0.0,4.0,4.0,4.0,4.0,4.0,4.0,4.0,4.0,4.0,4.0,0.0,3.0,4.0,4.0,5.0,4.0,5.0,5.0,5.0,5.0,5.0,5.0,5.0,0.0,5.0,3.0,5.0,5.0,6.0,3.0,5.0,5.0,5.0,5.0,5.0,5.0,5.0,6.0,4.0,6.0,0.0,6.0,6.0,0.0,4.0,6.0,6.0,6.0,6.0,6.0,6.0,6.0,6.0,6.0,6.0,0.0,6.0,7.0,7.0,7.0,0.0,7.0,7.0,7.0,7.0,7.0,7.0,7.0,7.0,7.0,7.0,7.0,7.0,7.0,7.0,7.0,7.0,8.0,8.0,8.0,8.0,8.0,8.0,8.0,8.0,8.0,8.0,10.0,8.0,8.0,8.0,8.0,8.0,8.0,8.0,8.0,8.0,9.0,9.0,9.0,9.0,9.0,9.0,0.0,9.0,9.0,9.0,9.0,9.0,9.0,9.0,9.0,9.0,9.0,9.0,0.0,9.0,10.0,10.0,10.0,9.0,10.0,10.0,10.0,10.0,10.0,10.0,10.0,10.0,10.0,10.0,10.0,10.0,8.0,10.0,10.0,10.0
78,78.0,1.0,0.0,1.0,1.0,1.0,1.0,1.0,1.0,0.0,1.0,0.0,1.0,1.0,1.0,3.0,1.0,0.0,1.0,1.0,1.0,3.0,2.0,2.0,2.0,0.0,0.0,2.0,2.0,2.0,0.0,2.0,2.0,3.0,2.0,2.0,2.0,4.0,2.0,2.0,2.0,1.0,3.0,3.0,3.0,3.0,3.0,5.0,3.0,3.0,3.0,3.0,3.0,2.0,3.0,3.0,3.0,3.0,3.0,0.0,0.0,4.0,2.0,4.0,4.0,0.0,4.0,4.0,4.0,2.0,4.0,4.0,4.0,3.0,4.0,0.0,4.0,4.0,4.0,4.0,4.0,5.0,5.0,5.0,5.0,5.0,5.0,5.0,5.0,5.0,5.0,5.0,0.0,0.0,5.0,5.0,5.0,5.0,0.0,5.0,5.0,6.0,6.0,7.0,6.0,6.0,6.0,6.0,6.0,6.0,6.0,6.0,6.0,6.0,6.0,6.0,6.0,0.0,6.0,6.0,6.0,5.0,7.0,7.0,7.0,0.0,7.0,7.0,7.0,7.0,0.0,7.0,7.0,8.0,7.0,7.0,7.0,7.0,7.0,7.0,7.0,8.0,8.0,8.0,8.0,8.0,9.0,8.0,8.0,8.0,8.0,8.0,8.0,8.0,8.0,8.0,10.0,8.0,8.0,8.0,8.0,9.0,8.0,7.0,9.0,9.0,9.0,9.0,9.0,9.0,9.0,9.0,9.0,9.0,9.0,9.0,9.0,9.0,9.0,9.0,9.0,0.0,0.0,10.0,10.0,10.0,10.0,10.0,10.0,10.0,10.0,0.0,10.0,10.0,10.0,10.0,10.0,10.0,10.0,10.0,10.0
79,79.0,1.0,1.0,1.0,1.0,1.0,1.0,1.0,3.0,0.0,1.0,1.0,1.0,1.0,2.0,1.0,1.0,1.0,1.0,1.0,1.0,2.0,2.0,0.0,0.0,2.0,2.0,2.0,2.0,2.0,2.0,2.0,2.0,2.0,2.0,0.0,2.0,0.0,3.0,2.0,2.0,3.0,3.0,3.0,3.0,3.0,3.0,5.0,3.0,3.0,3.0,5.0,3.0,3.0,3.0,5.0,3.0,3.0,3.0,3.0,3.0,4.0,4.0,4.0,4.0,4.0,4.0,2.0,4.0,4.0,4.0,4.0,4.0,4.0,4.0,4.0,4.0,4.0,4.0,4.0,4.0,2.0,0.0,5.0,5.0,5.0,4.0,5.0,5.0,5.0,5.0,5.0,5.0,5.0,5.0,5.0,5.0,0.0,0.0,5.0,0.0,6.0,5.0,6.0,6.0,6.0,4.0,6.0,6.0,6.0,0.0,4.0,6.0,6.0,6.0,6.0,6.0,6.0,6.0,6.0,6.0,7.0,7.0,7.0,7.0,7.0,0.0,7.0,7.0,7.0,7.0,7.0,0.0,7.0,7.0,7.0,7.0,0.0,7.0,7.0,0.0,8.0,8.0,8.0,8.0,7.0,8.0,10.0,8.0,8.0,8.0,8.0,8.0,8.0,8.0,0.0,8.0,8.0,8.0,8.0,7.0,9.0,9.0,8.0,9.0,9.0,7.0,9.0,9.0,9.0,9.0,9.0,9.0,9.0,9.0,9.0,9.0,9.0,9.0,7.0,9.0,10.0,10.0,10.0,10.0,10.0,10.0,10.0,10.0,10.0,10.0,10.0,10.0,10.0,10.0,10.0,10.0,10.0,10.0,0.0,8.0
80,80.0,1.0,1.0,1.0,1.0,1.0,1.0,1.0,1.0,1.0,1.0,1.0,1.0,1.0,1.0,1.0,1.0,1.0,0.0,1.0,1.0,2.0,2.0,1.0,2.0,2.0,2.0,2.0,2.0,2.0,2.0,0.0,2.0,2.0,2.0,2.0,0.0,2.0,2.0,0.0,3.0,3.0,3.0,3.0,3.0,3.0,3.0,3.0,3.0,3.0,0.0,3.0,3.0,3.0,3.0,0.0,3.0,3.0,3.0,3.0,3.0,4.0,4.0,4.0,4.0,4.0,4.0,4.0,4.0,4.0,0.0,3.0,4.0,4.0,4.0,4.0,4.0,4.0,0.0,4.0,4.0,5.0,0.0,0.0,5.0,5.0,5.0,5.0,5.0,5.0,5.0,5.0,5.0,5.0,5.0,5.0,5.0,5.0,6.0,5.0,5.0,6.0,6.0,6.0,6.0,0.0,6.0,6.0,6.0,0.0,6.0,6.0,6.0,4.0,8.0,6.0,6.0,6.0,6.0,6.0,6.0,7.0,7.0,8.0,7.0,9.0,7.0,7.0,7.0,7.0,7.0,7.0,7.0,7.0,7.0,7.0,7.0,7.0,7.0,7.0,9.0,8.0,8.0,8.0,8.0,8.0,8.0,8.0,8.0,8.0,8.0,8.0,0.0,8.0,8.0,8.0,8.0,8.0,8.0,8.0,8.0,9.0,9.0,9.0,9.0,9.0,9.0,0.0,9.0,9.0,9.0,9.0,0.0,9.0,7.0,9.0,0.0,9.0,9.0,9.0,9.0,0.0,10.0,10.0,10.0,0.0,10.0,10.0,10.0,10.0,10.0,10.0,10.0,10.0,10.0,10.0,0.0,10.0,10.0,0.0,10.0
81,81.0,1.0,1.0,1.0,1.0,1.0,1.0,2.0,1.0,1.0,1.0,1.0,1.0,1.0,1.0,1.0,3.0,1.0,1.0,1.0,1.0,2.0,2.0,2.0,2.0,2.0,2.0,2.0,2.0,2.0,2.0,2.0,2.0,2.0,2.0,2.0,2.0,0.0,2.0,2.0,2.0,3.0,3.0,1.0,0.0,3.0,0.0,0.0,3.0,0.0,3.0,3.0,3.0,3.0,3.0,3.0,3.0,3.0,3.0,3.0,3.0,1.0,4.0,4.0,4.0,4.0,0.0,0.0,4.0,4.0,4.0,4.0,0.0,4.0,4.0,4.0,4.0,4.0,4.0,4.0,4.0,5.0,5.0,5.0,5.0,5.0,5.0,5.0,0.0,5.0,5.0,5.0,5.0,5.0,5.0,5.0,5.0,5.0,5.0,5.0,5.0,7.0,6.0,6.0,6.0,6.0,6.0,6.0,6.0,6.0,6.0,6.0,6.0,6.0,6.0,6.0,6.0,6.0,6.0,6.0,0.0,4.0,7.0,7.0,7.0,7.0,6.0,7.0,7.0,7.0,7.0,7.0,7.0,7.0,7.0,7.0,7.0,7.0,7.0,7.0,0.0,8.0,0.0,8.0,0.0,8.0,8.0,8.0,8.0,8.0,8.0,8.0,0.0,8.0,8.0,8.0,8.0,8.0,8.0,8.0,8.0,9.0,9.0,9.0,9.0,7.0,9.0,9.0,0.0,9.0,9.0,9.0,9.0,9.0,8.0,9.0,9.0,9.0,9.0,9.0,9.0,0.0,10.0,10.0,10.0,10.0,10.0,10.0,10.0,10.0,10.0,0.0,10.0,10.0,10.0,10.0,10.0,10.0,10.0,10.0,10.0
82,82.0,1.0,1.0,1.0,1.0,0.0,0.0,1.0,1.0,2.0,1.0,1.0,1.0,0.0,1.0,1.0,1.0,1.0,1.0,1.0,1.0,0.0,2.0,2.0,1.0,2.0,2.0,4.0,2.0,2.0,2.0,2.0,2.0,2.0,2.0,1.0,2.0,2.0,1.0,2.0,2.0,3.0,3.0,3.0,3.0,3.0,3.0,3.0,3.0,3.0,3.0,3.0,3.0,3.0,3.0,3.0,3.0,3.0,3.0,3.0,3.0,4.0,4.0,4.0,4.0,4.0,4.0,4.0,0.0,2.0,0.0,2.0,0.0,4.0,4.0,4.0,4.0,0.0,4.0,4.0,4.0,5.0,5.0,5.0,0.0,5.0,5.0,5.0,3.0,5.0,5.0,5.0,5.0,0.0,5.0,5.0,5.0,5.0,5.0,5.0,5.0,5.0,6.0,6.0,0.0,6.0,6.0,6.0,0.0,6.0,6.0,6.0,6.0,6.0,0.0,6.0,6.0,6.0,6.0,6.0,6.0,7.0,7.0,0.0,7.0,7.0,7.0,7.0,7.0,7.0,7.0,7.0,7.0,7.0,7.0,7.0,7.0,7.0,7.0,7.0,0.0,9.0,9.0,10.0,8.0,8.0,8.0,8.0,6.0,8.0,8.0,0.0,8.0,8.0,8.0,8.0,8.0,8.0,8.0,0.0,8.0,9.0,9.0,9.0,10.0,9.0,9.0,9.0,9.0,9.0,9.0,9.0,9.0,9.0,9.0,9.0,9.0,9.0,9.0,9.0,0.0,10.0,10.0,10.0,10.0,10.0,10.0,9.0,0.0,10.0,10.0,10.0,0.0,10.0,10.0,10.0,10.0,9.0,10.0,10.0,10.0
83,83.0,1.0,3.0,1.0,1.0,0.0,0.0,1.0,3.0,1.0,1.0,1.0,1.0,1.0,1.0,1.0,2.0,1.0,1.0,1.0,3.0,1.0,0.0,2.0,2.0,2.0,2.0,2.0,0.0,2.0,1.0,2.0,2.0,0.0,2.0,2.0,2.0,2.0,2.0,2.0,2.0,0.0,3.0,3.0,3.0,0.0,3.0,3.0,0.0,3.0,3.0,3.0,3.0,3.0,3.0,3.0,3.0,3.0,2.0,3.0,0.0,4.0,6.0,4.0,4.0,4.0,4.0,4.0,4.0,4.0,4.0,4.0,4.0,4.0,0.0,4.0,0.0,4.0,0.0,4.0,0.0,5.0,5.0,5.0,0.0,7.0,0.0,5.0,5.0,5.0,5.0,5.0,0.0,5.0,6.0,5.0,5.0,5.0,5.0,5.0,0.0,6.0,6.0,6.0,0.0,6.0,6.0,6.0,6.0,0.0,0.0,6.0,6.0,6.0,6.0,6.0,6.0,6.0,6.0,6.0,6.0,7.0,7.0,7.0,7.0,7.0,7.0,5.0,7.0,7.0,7.0,7.0,7.0,7.0,7.0,0.0,7.0,7.0,7.0,7.0,7.0,0.0,8.0,8.0,8.0,8.0,8.0,8.0,8.0,8.0,8.0,8.0,8.0,0.0,0.0,8.0,8.0,8.0,8.0,8.0,8.0,9.0,9.0,8.0,9.0,9.0,9.0,9.0,0.0,9.0,9.0,8.0,9.0,9.0,9.0,9.0,9.0,9.0,9.0,9.0,9.0,10.0,10.0,10.0,10.0,10.0,0.0,10.0,9.0,10.0,10.0,10.0,10.0,10.0,10.0,0.0,10.0,10.0,10.0,10.0,0.0
84,84.0,0.0,1.0,1.0,1.0,1.0,3.0,1.0,1.0,1.0,2.0,1.0,0.0,1.0,0.0,2.0,1.0,1.0,1.0,1.0,1.0,2.0,0.0,4.0,2.0,2.0,2.0,2.0,2.0,2.0,2.0,2.0,0.0,2.0,2.0,2.0,2.0,2.0,2.0,0.0,4.0,3.0,3.0,3.0,3.0,3.0,3.0,3.0,3.0,0.0,3.0,3.0,3.0,3.0,3.0,3.0,3.0,3.0,3.0,3.0,0.0,4.0,4.0,2.0,4.0,4.0,4.0,4.0,0.0,4.0,4.0,5.0,4.0,4.0,4.0,4.0,4.0,4.0,6.0,4.0,4.0,4.0,5.0,5.0,0.0,5.0,5.0,5.0,5.0,5.0,5.0,5.0,3.0,5.0,0.0,5.0,5.0,5.0,5.0,5.0,5.0,6.0,6.0,6.0,6.0,6.0,6.0,6.0,6.0,6.0,6.0,6.0,6.0,0.0,0.0,6.0,4.0,6.0,6.0,6.0,6.0,7.0,7.0,7.0,7.0,7.0,7.0,7.0,7.0,7.0,6.0,7.0,7.0,7.0,5.0,7.0,7.0,7.0,7.0,7.0,7.0,8.0,8.0,8.0,8.0,8.0,8.0,8.0,8.0,8.0,8.0,0.0,7.0,8.0,8.0,8.0,8.0,8.0,8.0,8.0,8.0,0.0,9.0,9.0,9.0,0.0,9.0,9.0,9.0,9.0,9.0,9.0,9.0,9.0,9.0,9.0,0.0,9.0,9.0,9.0,9.0,10.0,10.0,10.0,10.0,10.0,10.0,10.0,10.0,0.0,10.0,10.0,10.0,9.0,10.0,10.0,10.0,10.0,10.0,10.0,0.0
85,85.0,1.0,1.0,1.0,1.0,0.0,1.0,1.0,1.0,1.0,0.0,1.0,1.0,1.0,1.0,1.0,1.0,0.0,1.0,1.0,2.0,2.0,1.0,2.0,2.0,2.0,2.0,2.0,2.0,2.0,2.0,2.0,2.0,2.0,0.0,2.0,4.0,2.0,0.0,2.0,0.0,3.0,3.0,5.0,0.0,3.0,3.0,3.0,1.0,3.0,3.0,0.0,3.0,3.0,3.0,3.0,3.0,3.0,3.0,3.0,0.0,4.0,4.0,4.0,4.0,4.0,0.0,4.0,4.0,4.0,4.0,4.0,4.0,0.0,4.0,4.0,4.0,4.0,5.0,4.0,4.0,5.0,5.0,5.0,7.0,5.0,5.0,5.0,5.0,5.0,5.0,5.0,5.0,7.0,5.0,0.0,3.0,5.0,5.0,5.0,0.0,6.0,6.0,6.0,6.0,6.0,6.0,0.0,6.0,6.0,6.0,6.0,6.0,6.0,6.0,6.0,6.0,6.0,0.0,8.0,6.0,7.0,7.0,7.0,7.0,0.0,7.0,7.0,7.0,7.0,7.0,7.0,0.0,7.0,7.0,7.0,7.0,7.0,7.0,7.0,7.0,8.0,8.0,8.0,8.0,8.0,8.0,8.0,0.0,8.0,8.0,8.0,8.0,8.0,8.0,8.0,8.0,8.0,0.0,8.0,8.0,9.0,9.0,9.0,9.0,9.0,9.0,9.0,9.0,9.0,0.0,0.0,9.0,9.0,0.0,9.0,9.0,0.0,9.0,9.0,9.0,8.0,10.0,10.0,10.0,10.0,10.0,0.0,10.0,10.0,10.0,10.0,10.0,10.0,10.0,9.0,10.0,10.0,10.0,10.0,0.0
86,86.0,1.0,1.0,1.0,1.0,1.0,1.0,1.0,1.0,1.0,1.0,1.0,1.0,1.0,1.0,1.0,1.0,0.0,1.0,1.0,1.0,0.0,2.0,2.0,0.0,2.0,0.0,2.0,2.0,2.0,3.0,2.0,2.0,2.0,2.0,2.0,2.0,2.0,2.0,2.0,2.0,3.0,3.0,3.0,3.0,3.0,3.0,3.0,3.0,3.0,3.0,3.0,3.0,3.0,3.0,3.0,3.0,3.0,3.0,3.0,3.0,4.0,3.0,0.0,2.0,4.0,4.0,4.0,4.0,0.0,4.0,0.0,4.0,4.0,0.0,3.0,0.0,4.0,4.0,0.0,4.0,5.0,5.0,5.0,5.0,5.0,5.0,5.0,4.0,5.0,5.0,5.0,6.0,5.0,5.0,5.0,5.0,5.0,5.0,5.0,6.0,6.0,6.0,6.0,8.0,0.0,6.0,6.0,6.0,0.0,6.0,6.0,0.0,6.0,6.0,6.0,6.0,6.0,0.0,6.0,6.0,7.0,7.0,6.0,7.0,7.0,7.0,7.0,0.0,7.0,0.0,7.0,7.0,7.0,7.0,0.0,7.0,7.0,7.0,7.0,7.0,8.0,8.0,8.0,8.0,8.0,9.0,8.0,0.0,8.0,8.0,8.0,8.0,8.0,8.0,8.0,8.0,8.0,8.0,8.0,8.0,9.0,9.0,9.0,9.0,9.0,9.0,9.0,9.0,9.0,9.0,9.0,9.0,10.0,9.0,9.0,9.0,9.0,9.0,9.0,9.0,10.0,10.0,10.0,10.0,10.0,10.0,10.0,10.0,10.0,10.0,10.0,10.0,9.0,10.0,10.0,10.0,8.0,10.0,10.0,10.0
87,87.0,1.0,1.0,1.0,1.0,1.0,1.0,1.0,1.0,1.0,1.0,0.0,1.0,0.0,1.0,1.0,1.0,1.0,0.0,0.0,1.0,2.0,2.0,2.0,2.0,0.0,2.0,0.0,0.0,2.0,2.0,2.0,2.0,2.0,0.0,2.0,2.0,3.0,2.0,2.0,2.0,3.0,3.0,3.0,3.0,3.0,3.0,3.0,3.0,3.0,3.0,3.0,0.0,3.0,3.0,5.0,3.0,3.0,3.0,0.0,3.0,4.0,4.0,4.0,4.0,4.0,4.0,4.0,4.0,4.0,4.0,4.0,4.0,4.0,4.0,4.0,4.0,4.0,4.0,4.0,4.0,6.0,0.0,0.0,5.0,5.0,0.0,0.0,5.0,5.0,5.0,5.0,5.0,5.0,5.0,5.0,5.0,5.0,0.0,0.0,5.0,6.0,6.0,6.0,6.0,6.0,6.0,6.0,6.0,6.0,6.0,6.0,6.0,6.0,8.0,6.0,6.0,6.0,6.0,6.0,6.0,7.0,0.0,7.0,7.0,7.0,7.0,7.0,7.0,7.0,7.0,7.0,7.0,7.0,7.0,7.0,8.0,7.0,7.0,0.0,8.0,8.0,8.0,8.0,8.0,8.0,8.0,8.0,8.0,0.0,10.0,8.0,8.0,8.0,8.0,8.0,8.0,0.0,8.0,8.0,8.0,9.0,9.0,9.0,9.0,8.0,9.0,9.0,8.0,9.0,9.0,9.0,9.0,9.0,0.0,9.0,9.0,9.0,9.0,7.0,9.0,10.0,10.0,10.0,10.0,10.0,10.0,10.0,10.0,10.0,10.0,10.0,10.0,10.0,8.0,0.0,10.0,0.0,10.0,10.0,10.0
88,88.0,0.0,1.0,0.0,1.0,1.0,1.0,1.0,1.0,1.0,1.0,1.0,0.0,1.0,1.0,1.0,1.0,1.0,1.0,1.0,1.0,2.0,2.0,2.0,2.0,2.0,2.0,2.0,2.0,2.0,2.0,2.0,2.0,2.0,2.0,2.0,0.0,2.0,0.0,2.0,2.0,3.0,3.0,3.0,3.0,3.0,2.0,3.0,3.0,1.0,3.0,0.0,3.0,3.0,0.0,3.0,3.0,3.0,0.0,4.0,4.0,4.0,4.0,4.0,4.0,5.0,4.0,4.0,4.0,4.0,4.0,4.0,0.0,4.0,0.0,4.0,2.0,4.0,0.0,4.0,4.0,5.0,5.0,5.0,5.0,5.0,5.0,5.0,5.0,5.0,5.0,7.0,5.0,5.0,5.0,5.0,0.0,5.0,5.0,5.0,0.0,6.0,6.0,6.0,6.0,6.0,6.0,0.0,6.0,6.0,6.0,6.0,7.0,6.0,6.0,6.0,6.0,6.0,6.0,6.0,6.0,7.0,7.0,7.0,7.0,7.0,7.0,7.0,7.0,7.0,0.0,7.0,7.0,7.0,0.0,7.0,0.0,0.0,7.0,6.0,7.0,8.0,0.0,8.0,8.0,8.0,8.0,8.0,8.0,6.0,8.0,8.0,8.0,8.0,8.0,8.0,8.0,8.0,8.0,8.0,8.0,0.0,9.0,9.0,9.0,9.0,9.0,9.0,9.0,9.0,9.0,9.0,9.0,9.0,9.0,9.0,9.0,9.0,9.0,9.0,9.0,9.0,10.0,10.0,10.0,10.0,10.0,10.0,10.0,10.0,10.0,10.0,0.0,10.0,10.0,0.0,10.0,10.0,10.0,10.0,10.0
89,89.0,1.0,1.0,1.0,1.0,0.0,1.0,1.0,1.0,1.0,1.0,1.0,1.0,1.0,1.0,1.0,1.0,3.0,0.0,1.0,0.0,2.0,2.0,2.0,2.0,2.0,2.0,2.0,2.0,2.0,0.0,2.0,2.0,2.0,2.0,2.0,2.0,3.0,2.0,2.0,0.0,3.0,3.0,3.0,0.0,3.0,3.0,3.0,3.0,3.0,0.0,3.0,3.0,3.0,3.0,3.0,3.0,3.0,3.0,3.0,3.0,4.0,4.0,4.0,4.0,4.0,4.0,3.0,4.0,0.0,4.0,4.0,4.0,4.0,4.0,4.0,4.0,4.0,4.0,4.0,4.0,0.0,5.0,5.0,5.0,5.0,3.0,5.0,5.0,5.0,4.0,5.0,5.0,5.0,5.0,5.0,5.0,5.0,5.0,6.0,5.0,6.0,6.0,6.0,4.0,6.0,6.0,6.0,6.0,6.0,6.0,5.0,6.0,6.0,6.0,6.0,6.0,6.0,6.0,6.0,0.0,7.0,7.0,7.0,7.0,7.0,0.0,7.0,7.0,7.0,7.0,7.0,7.0,9.0,0.0,7.0,7.0,7.0,7.0,7.0,7.0,8.0,9.0,8.0,8.0,8.0,8.0,0.0,0.0,8.0,8.0,8.0,8.0,8.0,8.0,8.0,8.0,8.0,8.0,8.0,8.0,9.0,9.0,9.0,0.0,9.0,9.0,9.0,9.0,0.0,9.0,9.0,9.0,9.0,9.0,9.0,9.0,9.0,9.0,9.0,9.0,10.0,10.0,0.0,0.0,10.0,10.0,10.0,10.0,8.0,10.0,9.0,10.0,10.0,10.0,10.0,10.0,10.0,10.0,10.0,10.0
90,90.0,1.0,1.0,1.0,1.0,1.0,1.0,1.0,1.0,1.0,3.0,1.0,1.0,1.0,1.0,1.0,1.0,1.0,0.0,1.0,0.0,2.0,2.0,2.0,2.0,2.0,0.0,2.0,2.0,2.0,2.0,4.0,2.0,2.0,2.0,0.0,2.0,2.0,2.0,3.0,0.0,3.0,3.0,2.0,3.0,0.0,3.0,3.0,3.0,1.0,3.0,3.0,3.0,3.0,3.0,3.0,3.0,3.0,0.0,3.0,3.0,4.0,4.0,4.0,4.0,4.0,4.0,4.0,4.0,4.0,4.0,4.0,4.0,4.0,4.0,4.0,4.0,4.0,4.0,4.0,2.0,5.0,5.0,0.0,3.0,5.0,5.0,5.0,5.0,0.0,4.0,5.0,4.0,5.0,5.0,5.0,5.0,5.0,0.0,5.0,5.0,6.0,6.0,6.0,6.0,4.0,6.0,6.0,0.0,6.0,6.0,6.0,6.0,6.0,6.0,6.0,6.0,6.0,6.0,6.0,6.0,7.0,7.0,7.0,7.0,7.0,7.0,0.0,7.0,7.0,7.0,7.0,7.0,7.0,7.0,7.0,7.0,7.0,7.0,0.0,7.0,8.0,8.0,8.0,8.0,8.0,8.0,8.0,8.0,8.0,8.0,8.0,8.0,8.0,0.0,8.0,8.0,8.0,8.0,8.0,8.0,9.0,0.0,9.0,9.0,0.0,9.0,9.0,9.0,9.0,9.0,9.0,9.0,9.0,9.0,9.0,9.0,9.0,9.0,9.0,9.0,10.0,10.0,0.0,10.0,8.0,10.0,10.0,10.0,10.0,10.0,10.0,10.0,10.0,10.0,10.0,10.0,10.0,10.0,10.0,8.0
91,91.0,1.0,1.0,1.0,1.0,1.0,1.0,2.0,1.0,1.0,1.0,1.0,2.0,1.0,1.0,1.0,1.0,1.0,0.0,0.0,3.0,2.0,2.0,2.0,2.0,2.0,2.0,2.0,2.0,2.0,2.0,2.0,2.0,3.0,4.0,2.0,0.0,2.0,4.0,2.0,2.0,4.0,3.0,3.0,4.0,3.0,3.0,3.0,3.0,3.0,3.0,3.0,3.0,3.0,3.0,3.0,3.0,5.0,3.0,3.0,0.0,4.0,4.0,0.0,0.0,4.0,4.0,4.0,4.0,0.0,4.0,4.0,0.0,4.0,4.0,4.0,0.0,4.0,4.0,4.0,4.0,5.0,5.0,5.0,0.0,5.0,5.0,5.0,5.0,5.0,5.0,4.0,5.0,0.0,5.0,5.0,5.0,7.0,5.0,5.0,5.0,6.0,6.0,7.0,6.0,6.0,6.0,0.0,0.0,6.0,6.0,0.0,6.0,6.0,6.0,6.0,6.0,6.0,0.0,6.0,6.0,7.0,7.0,7.0,8.0,7.0,7.0,0.0,7.0,7.0,7.0,7.0,7.0,7.0,8.0,7.0,7.0,7.0,7.0,7.0,7.0,6.0,0.0,8.0,8.0,8.0,0.0,8.0,8.0,8.0,8.0,8.0,8.0,8.0,7.0,0.0,0.0,8.0,8.0,8.0,8.0,9.0,9.0,9.0,9.0,0.0,9.0,9.0,9.0,9.0,9.0,0.0,9.0,9.0,9.0,9.0,9.0,9.0,9.0,9.0,9.0,10.0,10.0,10.0,10.0,10.0,10.0,10.0,10.0,10.0,10.0,10.0,10.0,10.0,10.0,0.0,10.0,10.0,10.0,8.0,10.0
92,92.0,1.0,3.0,1.0,1.0,1.0,1.0,1.0,1.0,1.0,1.0,1.0,1.0,1.0,1.0,1.0,1.0,1.0,1.0,1.0,1.0,1.0,2.0,2.0,2.0,2.0,2.0,2.0,2.0,2.0,2.0,2.0,2.0,2.0,2.0,2.0,2.0,1.0,3.0,0.0,2.0,0.0,1.0,0.0,3.0,3.0,3.0,3.0,3.0,3.0,3.0,3.0,3.0,3.0,3.0,3.0,3.0,3.0,3.0,3.0,5.0,4.0,4.0,2.0,4.0,4.0,0.0,0.0,4.0,4.0,4.0,4.0,4.0,2.0,4.0,4.0,4.0,4.0,4.0,4.0,4.0,5.0,5.0,5.0,5.0,5.0,5.0,0.0,5.0,5.0,6.0,5.0,5.0,5.0,5.0,5.0,5.0,5.0,0.0,5.0,5.0,6.0,0.0,0.0,6.0,6.0,6.0,0.0,6.0,6.0,6.0,6.0,0.0,6.0,6.0,6.0,6.0,6.0,6.0,6.0,6.0,7.0,7.0,7.0,7.0,7.0,7.0,5.0,7.0,7.0,7.0,6.0,7.0,7.0,7.0,7.0,0.0,7.0,7.0,7.0,7.0,8.0,8.0,8.0,8.0,8.0,8.0,8.0,8.0,8.0,8.0,8.0,8.0,0.0,9.0,8.0,8.0,8.0,8.0,8.0,8.0,9.0,9.0,0.0,9.0,9.0,9.0,9.0,9.0,9.0,9.0,0.0,9.0,9.0,9.0,9.0,9.0,9.0,9.0,9.0,9.0,10.0,10.0,10.0,10.0,10.0,10.0,10.0,10.0,9.0,10.0,10.0,10.0,10.0,10.0,10.0,8.0,10.0,10.0,0.0,10.0
93,93.0,3.0,2.0,1.0,1.0,1.0,1.0,1.0,1.0,3.0,0.0,0.0,1.0,1.0,1.0,1.0,2.0,1.0,1.0,1.0,1.0,2.0,2.0,2.0,2.0,2.0,2.0,2.0,2.0,4.0,2.0,2.0,2.0,2.0,0.0,2.0,0.0,2.0,2.0,2.0,2.0,3.0,3.0,3.0,3.0,3.0,3.0,3.0,3.0,3.0,0.0,3.0,3.0,3.0,3.0,3.0,3.0,3.0,3.0,3.0,3.0,4.0,4.0,4.0,4.0,4.0,4.0,4.0,4.0,4.0,4.0,4.0,4.0,0.0,4.0,0.0,4.0,0.0,4.0,4.0,4.0,5.0,3.0,5.0,5.0,5.0,5.0,5.0,5.0,5.0,5.0,5.0,5.0,0.0,0.0,0.0,5.0,5.0,5.0,5.0,3.0,6.0,6.0,6.0,6.0,0.0,6.0,6.0,6.0,6.0,6.0,6.0,6.0,8.0,6.0,6.0,6.0,6.0,6.0,6.0,6.0,7.0,7.0,7.0,7.0,7.0,7.0,7.0,7.0,7.0,7.0,7.0,7.0,7.0,7.0,7.0,7.0,7.0,7.0,7.0,7.0,8.0,8.0,0.0,8.0,9.0,8.0,8.0,8.0,8.0,8.0,8.0,8.0,9.0,8.0,9.0,8.0,8.0,8.0,0.0,0.0,0.0,9.0,9.0,9.0,9.0,9.0,0.0,9.0,9.0,9.0,7.0,9.0,9.0,9.0,9.0,0.0,10.0,9.0,9.0,9.0,10.0,10.0,10.0,10.0,10.0,8.0,8.0,10.0,10.0,10.0,10.0,10.0,10.0,0.0,10.0,10.0,10.0,10.0,10.0,10.0
94,94.0,1.0,1.0,1.0,1.0,1.0,1.0,1.0,1.0,1.0,1.0,1.0,1.0,1.0,1.0,1.0,1.0,1.0,0.0,1.0,1.0,2.0,2.0,2.0,0.0,2.0,2.0,2.0,2.0,2.0,2.0,2.0,2.0,2.0,2.0,0.0,2.0,2.0,2.0,1.0,1.0,0.0,3.0,3.0,1.0,3.0,3.0,3.0,3.0,3.0,3.0,0.0,3.0,3.0,3.0,0.0,3.0,0.0,5.0,3.0,2.0,4.0,4.0,4.0,4.0,4.0,4.0,4.0,4.0,2.0,4.0,0.0,4.0,4.0,4.0,0.0,2.0,4.0,4.0,4.0,4.0,5.0,0.0,5.0,5.0,5.0,5.0,5.0,4.0,0.0,7.0,5.0,5.0,5.0,5.0,5.0,4.0,0.0,5.0,5.0,5.0,0.0,7.0,8.0,6.0,6.0,6.0,0.0,8.0,6.0,6.0,6.0,6.0,6.0,6.0,6.0,4.0,6.0,6.0,6.0,6.0,7.0,6.0,7.0,8.0,0.0,8.0,7.0,7.0,7.0,7.0,7.0,7.0,7.0,7.0,0.0,7.0,7.0,7.0,0.0,7.0,8.0,8.0,8.0,8.0,0.0,8.0,8.0,8.0,8.0,8.0,8.0,8.0,8.0,8.0,0.0,8.0,8.0,0.0,8.0,8.0,9.0,0.0,9.0,9.0,9.0,9.0,9.0,9.0,0.0,9.0,9.0,9.0,9.0,9.0,9.0,9.0,9.0,9.0,9.0,9.0,10.0,8.0,10.0,10.0,10.0,10.0,0.0,10.0,10.0,10.0,10.0,10.0,10.0,10.0,10.0,0.0,10.0,0.0,0.0,10.0
95,95.0,1.0,1.0,1.0,1.0,1.0,1.0,2.0,1.0,1.0,1.0,1.0,0.0,1.0,0.0,1.0,1.0,1.0,1.0,1.0,1.0,2.0,2.0,2.0,2.0,2.0,2.0,2.0,2.0,2.0,2.0,2.0,2.0,2.0,2.0,2.0,2.0,1.0,2.0,2.0,4.0,3.0,3.0,3.0,3.0,3.0,3.0,3.0,3.0,3.0,3.0,3.0,0.0,3.0,3.0,3.0,3.0,3.0,3.0,3.0,3.0,0.0,4.0,4.0,0.0,0.0,4.0,0.0,4.0,4.0,4.0,4.0,4.0,4.0,4.0,4.0,4.0,4.0,4.0,4.0,4.0,5.0,5.0,3.0,0.0,5.0,5.0,0.0,5.0,5.0,6.0,5.0,5.0,5.0,0.0,5.0,7.0,5.0,5.0,5.0,5.0,6.0,6.0,6.0,6.0,6.0,6.0,6.0,6.0,6.0,6.0,6.0,6.0,6.0,6.0,6.0,6.0,6.0,6.0,6.0,6.0,7.0,0.0,7.0,7.0,7.0,7.0,7.0,7.0,7.0,7.0,7.0,7.0,7.0,7.0,7.0,7.0,7.0,7.0,7.0,7.0,8.0,8.0,8.0,8.0,8.0,10.0,8.0,0.0,8.0,8.0,8.0,8.0,8.0,0.0,10.0,8.0,8.0,8.0,8.0,8.0,0.0,9.0,9.0,0.0,9.0,9.0,9.0,9.0,9.0,9.0,9.0,9.0,9.0,9.0,9.0,9.0,9.0,9.0,9.0,9.0,10.0,10.0,10.0,10.0,0.0,10.0,10.0,10.0,10.0,10.0,10.0,10.0,0.0,10.0,10.0,10.0,9.0,10.0,10.0,10.0
96,96.0,2.0,1.0,1.0,1.0,1.0,1.0,1.0,1.0,1.0,1.0,1.0,1.0,1.0,1.0,1.0,1.0,1.0,1.0,1.0,1.0,2.0,0.0,0.0,2.0,2.0,2.0,4.0,2.0,2.0,0.0,2.0,2.0,2.0,2.0,2.0,2.0,2.0,2.0,2.0,0.0,3.0,3.0,3.0,1.0,3.0,3.0,3.0,3.0,3.0,3.0,3.0,3.0,3.0,3.0,3.0,5.0,3.0,0.0,3.0,3.0,4.0,4.0,4.0,4.0,4.0,4.0,0.0,4.0,4.0,2.0,4.0,4.0,4.0,4.0,4.0,4.0,4.0,4.0,4.0,4.0,5.0,5.0,5.0,5.0,5.0,5.0,5.0,0.0,5.0,5.0,0.0,5.0,5.0,6.0,3.0,5.0,5.0,5.0,5.0,5.0,6.0,0.0,6.0,4.0,6.0,4.0,6.0,0.0,6.0,6.0,6.0,7.0,6.0,6.0,0.0,6.0,6.0,6.0,6.0,6.0,6.0,7.0,7.0,7.0,6.0,7.0,9.0,0.0,7.0,7.0,7.0,7.0,7.0,7.0,7.0,7.0,7.0,7.0,7.0,7.0,8.0,8.0,8.0,8.0,8.0,8.0,8.0,8.0,8.0,8.0,8.0,8.0,0.0,8.0,8.0,8.0,8.0,8.0,8.0,8.0,9.0,9.0,9.0,9.0,8.0,9.0,9.0,0.0,9.0,0.0,9.0,9.0,9.0,9.0,0.0,9.0,9.0,9.0,9.0,9.0,10.0,10.0,10.0,10.0,0.0,10.0,10.0,10.0,10.0,10.0,10.0,0.0,10.0,10.0,10.0,10.0,0.0,0.0,9.0,10.0
97,97.0,1.0,1.0,0.0,1.0,1.0,1.0,1.0,1.0,1.0,0.0,1.0,1.0,1.0,1.0,0.0,1.0,1.0,1.0,3.0,1.0,2.0,2.0,1.0,2.0,2.0,2.0,2.0,2.0,2.0,2.0,2.0,2.0,2.0,2.0,2.0,2.0,2.0,2.0,2.0,2.0,3.0,3.0,3.0,0.0,3.0,3.0,3.0,3.0,3.0,3.0,0.0,3.0,0.0,3.0,3.0,3.0,3.0,3.0,3.0,3.0,4.0,4.0,4.0,4.0,4.0,4.0,4.0,4.0,4.0,4.0,4.0,4.0,6.0,4.0,4.0,4.0,4.0,4.0,4.0,4.0,5.0,5.0,5.0,5.0,5.0,5.0,5.0,5.0,5.0,5.0,5.0,3.0,3.0,5.0,5.0,4.0,5.0,5.0,4.0,5.0,6.0,7.0,5.0,6.0,0.0,6.0,6.0,6.0,6.0,6.0,6.0,7.0,8.0,6.0,4.0,6.0,6.0,6.0,0.0,0.0,7.0,7.0,7.0,9.0,7.0,7.0,7.0,9.0,7.0,0.0,7.0,7.0,7.0,7.0,7.0,7.0,7.0,7.0,7.0,7.0,8.0,8.0,8.0,8.0,0.0,8.0,8.0,8.0,8.0,8.0,8.0,0.0,8.0,8.0,7.0,8.0,8.0,8.0,8.0,8.0,9.0,9.0,9.0,9.0,0.0,9.0,9.0,9.0,0.0,9.0,9.0,9.0,7.0,9.0,9.0,9.0,9.0,0.0,9.0,9.0,10.0,10.0,9.0,10.0,10.0,8.0,10.0,10.0,10.0,10.0,10.0,10.0,10.0,10.0,10.0,10.0,10.0,10.0,10.0,0.0
98,98.0,1.0,0.0,3.0,1.0,1.0,0.0,1.0,1.0,1.0,1.0,1.0,1.0,0.0,1.0,0.0,1.0,1.0,1.0,1.0,0.0,0.0,2.0,0.0,2.0,2.0,2.0,2.0,2.0,1.0,2.0,0.0,2.0,2.0,2.0,2.0,2.0,2.0,2.0,0.0,0.0,3.0,3.0,3.0,3.0,3.0,3.0,3.0,3.0,3.0,1.0,4.0,3.0,0.0,3.0,2.0,3.0,3.0,3.0,3.0,1.0,4.0,4.0,4.0,4.0,4.0,4.0,4.0,4.0,4.0,3.0,4.0,4.0,4.0,4.0,0.0,6.0,4.0,4.0,4.0,4.0,5.0,5.0,5.0,5.0,5.0,5.0,5.0,4.0,3.0,5.0,5.0,5.0,5.0,5.0,5.0,5.0,5.0,5.0,0.0,5.0,6.0,6.0,6.0,6.0,6.0,0.0,6.0,6.0,6.0,6.0,6.0,6.0,5.0,6.0,6.0,0.0,6.0,6.0,6.0,6.0,7.0,7.0,7.0,7.0,7.0,0.0,7.0,7.0,7.0,0.0,7.0,7.0,7.0,7.0,7.0,7.0,7.0,7.0,7.0,7.0,8.0,8.0,8.0,8.0,8.0,8.0,8.0,8.0,8.0,8.0,10.0,8.0,8.0,8.0,8.0,8.0,8.0,6.0,8.0,8.0,9.0,9.0,9.0,9.0,9.0,9.0,0.0,9.0,9.0,9.0,9.0,9.0,10.0,0.0,9.0,9.0,9.0,8.0,9.0,9.0,10.0,10.0,0.0,10.0,8.0,10.0,10.0,10.0,10.0,10.0,10.0,10.0,10.0,10.0,10.0,10.0,10.0,10.0,10.0,10.0
99,99.0,1.0,1.0,1.0,1.0,1.0,1.0,1.0,1.0,1.0,0.0,1.0,1.0,1.0,0.0,1.0,1.0,1.0,1.0,1.0,1.0,2.0,2.0,0.0,2.0,2.0,2.0,2.0,2.0,2.0,2.0,1.0,2.0,2.0,0.0,4.0,2.0,2.0,2.0,2.0,2.0,3.0,3.0,3.0,3.0,3.0,3.0,3.0,1.0,3.0,3.0,3.0,3.0,3.0,3.0,3.0,3.0,3.0,3.0,3.0,3.0,4.0,4.0,4.0,4.0,4.0,4.0,4.0,6.0,4.0,4.0,4.0,0.0,4.0,5.0,4.0,4.0,4.0,4.0,4.0,0.0,5.0,5.0,5.0,4.0,5.0,5.0,6.0,5.0,5.0,5.0,5.0,5.0,5.0,5.0,5.0,5.0,5.0,5.0,5.0,5.0,0.0,6.0,6.0,4.0,6.0,0.0,6.0,0.0,6.0,0.0,6.0,6.0,0.0,6.0,6.0,6.0,6.0,6.0,6.0,6.0,7.0,7.0,7.0,0.0,7.0,7.0,0.0,7.0,0.0,0.0,7.0,7.0,7.0,7.0,7.0,0.0,7.0,0.0,9.0,7.0,0.0,8.0,8.0,8.0,8.0,8.0,8.0,8.0,8.0,8.0,7.0,8.0,8.0,7.0,8.0,6.0,8.0,8.0,8.0,8.0,9.0,9.0,9.0,9.0,9.0,9.0,8.0,0.0,9.0,9.0,9.0,9.0,9.0,9.0,9.0,0.0,9.0,9.0,9.0,9.0,10.0,10.0,10.0,9.0,10.0,10.0,10.0,10.0,10.0,10.0,10.0,0.0,10.0,10.0,10.0,10.0,10.0,10.0,10.0,10.0
